ESTACAO;CODIGO_WMO;MES;PRECIPITACAO_TOTAL_HORARIO_MM;TEMPERATURA_DO_AR___BULBO_SECO_HORARIA_C;TEMPERATURA_DO_PONTO_DE_ORVALHO_C;TEMPERATURA_MAXIMA_NA_HORA_ANT_AUT_C;TEMPERATURA_MINIMA_NA_HORA_ANT_AUT_C;TEMPERATURA_ORVALHO_MAX_NA_HORA_ANT_AUT_C;TEMPERATURA_ORVALHO_MIN_NA_HORA_ANT_AUT_C;UMIDADE_REL_MAX_NA_HORA_ANT_AUT_PCT;UMIDADE_REL_MIN_NA_HORA_ANT_AUT_PCT;UMIDADE_RELATIVA_DO_AR_HORARIA_PCT
ACEGUA;B828;1;0,01;21,28;17,13;22,49;20,8;17,29;15,99;77,68;70,21;74,01
ACEGUA;B828;2;0,0;23,0;17,52;23,83;21,97;18,56;17,19;77,19;70,58;73,99
ACEGUA;B828;3;0,09;21,17;17,53;20,93;20,65;18,19;17,26;86,23;81,01;83,66
ACEGUA;B828;4;0,01;18,76;15,02;18,93;18,45;15,53;14,16;84,03;78,59;81,39
ACEGUA;B828;5;0,01;12,8;9,44;13,46;12,11;9,31;10,45;84,82;79,74;82,38
ACEGUA;B828;9;;;;;;;;;;
ACEGUA;B828;10;0,0;17,0;11,51;16,81;15,78;11,69;11,07;76,4;69,64;73,02
ACEGUA;B828;11;0,02;19,12;11,56;19,03;18,85;12,2;12,1;68,97;61,88;65,38
ACEGUA;B828;12;0,02;22,87;16,94;24,6;22,68;17,46;16,3;73,46;66,31;69,9
AJURICABA;B843;1;;;;;;;;;;
AJURICABA;B843;2;;;;;;;;;;
AJURICABA;B843;3;;;;;;;;;;
AJURICABA;B843;4;0,03;18,88;15,4;20,0;20,56;16,31;13,52;79,86;72,55;76,16
AJURICABA;B843;5;0,0;14,36;12,06;15,24;15,08;12,61;10,29;83,85;77,97;80,99
ALEGRETE;A826;1;0,01;24,96;17,56;25,85;24,24;18,72;17,41;71,46;65,19;68,32
ALEGRETE;A826;2;0,06;25,77;20,63;27,49;25,45;20,84;19,68;73,1;66,77;69,9
ALEGRETE;A826;3;0,05;23,83;18,42;25,09;23,18;19,59;18,05;79,24;73,29;76,25
ALEGRETE;A826;4;0,05;20,37;16,59;20,67;19,62;16,54;16,05;82,91;77,87;80,43
ALEGRETE;A826;5;0,06;17,06;12,63;16,98;16,13;13,13;12,4;85,57;81,37;83,51
ALEGRETE;A826;6;0,04;14,64;10,99;14,96;14,16;10,67;10,34;83,43;79,16;81,32
ALEGRETE;A826;7;0,01;12,4;8,86;13,36;11,93;9,1;8,31;83,29;78,62;80,99
ALEGRETE;A826;8;0,03;14,59;10,18;14,88;13,88;11,04;10,01;80,93;75,99;78,5
ALEGRETE;A826;9;0,06;17,92;13,41;18,73;17,05;14,19;13,67;81,24;76,07;78,75
ALEGRETE;A826;10;0,03;20,67;14,56;21,19;19,72;15,14;13,83;75,25;69,15;72,17
ALEGRETE;A826;11;0,04;22,52;15,13;23,26;21,42;16,32;15,1;71,67;65,33;68,47
ALEGRETE;A826;12;0,04;22,63;15,67;23,68;22,09;17,43;14,62;72,27;65,34;68,62
ALEGRETE (MARONNA);B847;2;;;;;;;;;;
ALEGRETE (MARONNA);B847;3;;;;;;;;;;
ALEGRETE (MARONNA);B847;4;0,0;18,17;14,44;19,5;19,22;14,87;13,59;80,87;73,57;76,98
ALEGRETE (MARONNA);B847;5;0,02;17,91;13,38;19,25;17,12;13,59;11,68;80,97;75,41;78,2
BAGE;A827;1;0,01;23,41;16,94;23,71;21,95;18,09;16,57;75,57;68,55;72,08
BAGE;A827;2;0,02;24,19;18,81;25,59;23,74;19,26;18,18;75,9;69,49;72,76
BAGE;A827;3;0,03;22,52;17,54;23,24;21,71;17,97;16,84;79,24;73,11;76,29
BAGE;A827;4;0,04;18,56;14,37;19,12;18,14;14,68;13,42;81,93;76,53;79,26
BAGE;A827;5;0,05;14,13;11,08;14,62;13,99;11,48;10,3;85,17;80,35;82,84
BAGE;A827;6;0,03;13,01;10,13;13,33;12,33;9,82;9,05;84,61;80,28;82,51
BAGE;A827;7;0,02;10,3;7,08;11,54;10,26;7,75;6,79;84,56;79,68;82,2
BAGE;A827;8;0,05;12,6;8,7;14,05;12,08;9,36;8,57;81,79;76,74;79,29
BAGE;A827;9;0,06;16,79;12,1;16,97;16,6;12,58;11,82;83,43;77,98;80,79
BAGE;A827;10;0,06;18,34;13,73;18,84;17,81;13,77;12,4;78,27;71,49;74,93
BAGE;A827;11;0,03;20,57;13,84;21,26;19,35;15,39;14,23;74,45;67,39;70,92
BAGE;A827;12;0,03;21,83;15,57;22,13;21,21;16,39;15,27;74,58;67,33;70,97
BAGE - CENTRO;B827;1;0,01;23,36;18,17;24,22;23,83;18,52;17,39;73,49;66,83;70,12
BAGE - CENTRO;B827;2;0,0;24,37;17,86;24,28;23,82;18,19;17,36;72,11;66,24;69,18
BAGE - CENTRO;B827;3;0,03;22,51;18,67;23,97;23,43;19,21;18,73;80,47;75,32;77,97
BAGE - CENTRO;B827;4;0,01;18,67;14,62;19,96;18,91;16,05;14,68;81,71;76,66;79,19
BAGE - CENTRO;B827;5;0,03;14,48;8,84;14,05;12,82;9,16;8,03;80,94;76,01;78,49
BAGE - CENTRO;B827;8;;;;;;;;;;
BAGE - CENTRO;B827;9;;;;;;;;;;
BAGE - CENTRO;B827;10;0,01;17,15;11,84;18,76;16,91;12,63;12,43;71,29;65,31;68,35
BAGE - CENTRO;B827;11;0,05;20,87;12,77;20,35;18,82;13,6;12,59;65,8;59,22;62,38
BAGE - CENTRO;B827;12;0,11;24,06;18,35;24,47;23,63;18,58;17,61;69,17;63,37;66,17
BARRA DO QUARAI;B848;1;;;;;;;;;;
BARRA DO QUARAI;B848;2;;;;;;;;;;
BARRA DO QUARAI;B848;3;;;;;;;;;;
BARRA DO QUARAI;B848;4;0,0;17,5;15,33;16,5;15,57;14,2;14,67;86,69;81,57;84,02
BARRA DO QUARAI;B848;5;;;;;;;;;;
BENTO GONCALVES;A840;1;0,01;21,91;17,08;22,52;21,18;17,56;16,47;78,02;72,46;75,31
BENTO GONCALVES;A840;2;0,04;23,41;18,46;24,26;22,98;19,23;17,88;77,85;72,45;75,21
BENTO GONCALVES;A840;3;0,02;22,13;17,25;22,73;21,81;18,11;17,05;79,4;74,28;76,91
BENTO GONCALVES;A840;4;0,09;18,73;14,7;19,25;18,22;15,73;14,05;82,28;77,47;79,9
BENTO GONCALVES;A840;5;0,13;14,14;11,64;16,17;14,0;13,26;11,57;85,12;80,71;82,74
BENTO GONCALVES;A840;6;0,09;13,9;9,58;14,89;13,23;9,65;10,0;83,79;80,54;82,19
BENTO GONCALVES;A840;7;0,02;12,48;8,38;12,88;11,94;9,18;7,85;82,14;78,16;80,19
BENTO GONCALVES;A840;8;0,04;14,45;8,81;15,06;13,52;10,25;9,31;78,1;73,7;75,92
BENTO GONCALVES;A840;9;0,04;18,05;12,58;17,59;17,78;13,05;12,57;77,37;72,4;74,9
BENTO GONCALVES;A840;10;0,02;18,74;14,03;18,41;18,01;14,44;13,85;77,99;73,16;75,6
BENTO GONCALVES;A840;11;0,0;20,74;15,24;21,22;21,11;15,6;14,82;74,49;69,57;72,1
BENTO GONCALVES;A840;12;0,04;20,22;15,12;19,88;19,36;15,8;14,61;79,76;74,66;77,26
BOM JESUS (INMET);B856;3;;;;;;;;;;
BOM JESUS (INMET);B856;4;0,0;14,0;12,44;16,19;14,93;12,58;11,71;83,96;77,89;81,01
BOM JESUS (INMET);B856;5;0,01;11,38;7,3;12,18;9,87;9,83;8,38;86,35;81,49;84,01
BOM JESUS - SANTO INACIO;B857;3;;;;;;;;;;
BOM JESUS - SANTO INACIO;B857;4;0,0;12,2;5,75;11,25;10,0;12,5;10,71;94,08;87,57;91,08
BOM JESUS - SANTO INACIO;B857;5;0,04;9,28;7,96;8,22;8,0;8,0;7,17;94,91;90,59;93,11
CACAPAVA DO SUL;A812;1;0,01;22,54;17,05;22,64;21,89;17,82;16,53;78,32;72,02;75,23
CACAPAVA DO SUL;A812;2;0,02;24,03;19,08;23,74;22,94;19,74;18,43;80,64;74,75;77,72
CACAPAVA DO SUL;A812;3;0,02;22,52;17,87;22,69;21,57;18,34;17,49;82,06;76,73;79,48
CACAPAVA DO SUL;A812;4;0,05;17,85;15,02;19,0;17,97;14,72;14,16;83,44;78,83;81,19
CACAPAVA DO SUL;A812;5;0,08;14,45;11,0;14,29;12,94;11,44;11,32;85,79;81,81;83,85
CACAPAVA DO SUL;A812;6;0,04;12,38;10,35;13,19;11,68;10,55;9,43;85,83;82,12;84,0
CACAPAVA DO SUL;A812;7;0,05;10,42;8,84;10,76;10,64;9,14;8,11;87,07;83,1;85,12
CACAPAVA DO SUL;A812;8;0,03;12,53;10,14;12,93;12,19;9,37;9,45;81,96;77,52;79,82
CACAPAVA DO SUL;A812;9;0,12;16,0;13,81;16,3;15,93;14,51;13,39;84,9;80,24;82,58
CACAPAVA DO SUL;A812;10;0,05;17,16;13,29;18,69;16,87;14,29;13,19;81,08;75,51;78,35
CACAPAVA DO SUL;A812;11;0,01;19,88;13,92;20,18;19,7;14,82;13,32;75,36;69,17;72,27
CACAPAVA DO SUL;A812;12;0,01;21,38;15,89;21,57;20,79;17,1;15,58;77,25;70,99;74,15
CACHOEIRA DO SUL;B822;1;0,0;24,63;18,68;25,72;24,16;19,92;18,47;76,94;69,3;72,98
CACHOEIRA DO SUL;B822;2;0,0;24,23;20,36;24,71;24,39;20,13;19,25;79,61;72,82;76,18
CACHOEIRA DO SUL;B822;3;0,01;24,5;20,23;25,84;23,65;20,82;19,83;81,89;76,5;79,17
CACHOEIRA DO SUL;B822;4;0,01;21,65;16,91;20,77;20,55;17,55;16,9;83,13;77,67;80,38
CACHOEIRA DO SUL;B822;5;0,0;14,74;9,4;15,15;13,49;10,15;8,64;85,07;79,67;82,39
CACHOEIRA DO SUL;B822;9;;;;;;;;;;
CACHOEIRA DO SUL;B822;10;0,01;19,67;14,69;20,9;18,23;15,0;13,78;77,44;69,99;73,53
CACHOEIRA DO SUL;B822;11;0,0;20,97;14,76;22,16;20,63;15,19;14,7;70,12;63,08;66,57
CACHOEIRA DO SUL;B822;12;0,02;24,3;19,99;25,85;25,17;19,83;19,46;77,59;70,65;74,05
CACHOEIRINHA;B808;1;0,01;23,28;19,48;25,28;24,58;19,67;17,78;78,3;71,45;74,84
CACHOEIRINHA;B808;2;0,02;24,41;20,78;25,3;24,69;20,5;20,23;81,6;75,51;78,54
CACHOEIRINHA;B808;3;0,02;24,77;20,93;24,83;24,23;21,71;20,17;83,4;78,56;80,96
CACHOEIRINHA;B808;4;0,01;21,14;17,32;21,69;21,1;17,79;17,1;83,91;78,51;81,23
CACHOEIRINHA;B808;5;0,01;15,48;12,39;15,68;15,15;12,6;11,78;85,44;80,23;82,79
CACHOEIRINHA;B808;6;;;;;;;;;;
CACHOEIRINHA;B808;7;;;;;;;;;;
CACHOEIRINHA;B808;8;;;;;;;;;;
CACHOEIRINHA;B808;9;0,04;17,58;14,13;18,83;16,18;14,09;12,71;82,17;75,5;78,83
CACHOEIRINHA;B808;10;0,01;20,07;15,36;20,37;19,33;15,58;14,76;81,01;74,77;77,89
CACHOEIRINHA;B808;11;0,01;20,75;16,08;20,38;21,21;16,58;14,94;77,48;70,8;74,1
CACHOEIRINHA;B808;12;0,04;24,72;20,72;24,68;23,97;20,3;19,53;80,82;74,47;77,67
CAMAQUA;A838;1;0,03;23,28;19,74;24,03;22,87;20,19;19,16;85,83;78,96;82,46
CAMAQUA;A838;2;0,02;24,52;20,87;24,71;23,76;21,32;20,32;85,42;78,75;82,2
CAMAQUA;A838;3;0,01;22,54;20,02;23,86;22,38;21,04;19,68;86,07;79,5;82,88
CAMAQUA;A838;4;0,04;19,32;16,83;19,92;18,83;16,6;15,84;88,3;82,26;85,35
CAMAQUA;A838;5;0,07;15,72;12,97;15,7;15,3;13,97;13,13;90,68;85,44;88,14
CAMAQUA;A838;6;0,06;14,21;12,09;14,44;13,16;12,25;12,24;91,57;86,92;89,27
CAMAQUA;A838;7;0,03;11,2;10,13;11,85;10,59;10,78;9,85;93,67;89,84;91,82
CAMAQUA;A838;8;0,06;13,51;11,63;13,63;12,82;11,87;10,55;91,45;87,02;89,25
CAMAQUA;A838;9;0,14;16,51;15,14;17,54;16,25;15,49;14,73;93,18;89,02;91,15
CAMAQUA;A838;10;0,02;19,33;15,81;19,57;18,22;15,7;15,17;86,55;80,33;83,45
CAMAQUA;A838;11;0,03;20,71;16,94;21,42;20,06;17,64;15,78;84,25;77,13;80,65
CAMAQUA;A838;12;0,1;22,51;18,32;22,62;21,6;18,8;17,95;85,15;78,11;81,64
CAMBARA DO SUL;A897;1;0,03;18,48;16,23;18,93;17,5;16,96;15,6;91,05;84,98;88,19
CAMBARA DO SUL;A897;2;0,04;20,49;18,03;21,33;19,47;18,56;17,41;89,78;83,46;86,83
CAMBARA DO SUL;A897;3;0,02;19,32;16,58;19,82;18,41;16,52;15,62;87,86;81,51;84,76
CAMBARA DO SUL;A897;4;0,04;15,53;13,65;16,9;15,71;14,12;13,55;91,01;86,08;88,65
CAMBARA DO SUL;A897;5;0,12;12,32;10,25;13,3;12,44;10,96;9,39;88,62;84,21;86,34
CAMBARA DO SUL;A897;6;0,1;11,99;9,04;12,27;11,19;9,7;8,28;88,1;83,76;86,02
CAMBARA DO SUL;A897;7;0,01;9,93;6,95;11,27;9,48;7,83;6,33;84,43;79,43;81,96
CAMBARA DO SUL;A897;8;0,03;12,77;8,11;13,54;11,89;8,35;7,52;81,09;75,49;78,37
CAMBARA DO SUL;A897;9;0,04;15,38;10,35;15,38;14,83;11,17;10,27;83,49;77,06;80,34
CAMBARA DO SUL;A897;10;0,02;15,4;12,31;15,96;13,96;13,48;11,29;88,4;82,78;85,67
CAMBARA DO SUL;A897;11;0,03;17,06;13,37;17,57;16,69;13,94;12,71;86,62;79,99;83,47
CAMBARA DO SUL;A897;12;0,02;16,92;14,45;17,98;16,44;15,12;13,26;88,03;81,72;84,97
CAMPO BOM;A884;1;0,02;24,71;18,77;25,88;23,65;19,66;18,48;77,04;70,18;73,66
CAMPO BOM;A884;2;0,04;26,28;20,47;27,13;25,28;21,15;19,85;78,36;72,24;75,32
CAMPO BOM;A884;3;0,02;25,38;19,57;25,51;24,47;20,41;19,57;79,01;73,31;76,23
CAMPO BOM;A884;4;0,07;20,84;17,1;21,69;19,72;17,57;16,75;83,85;78,61;81,29
CAMPO BOM;A884;5;0,06;16,39;13,2;17,36;16,39;14,15;13,31;86,79;81,94;84,43
CAMPO BOM;A884;6;0,08;15,95;13,54;16,49;16,2;13,05;12,78;86,99;82,09;84,61
CAMPO BOM;A884;7;0,03;13,48;11,09;13,7;13,37;11,98;10,2;86,99;83,14;85,12
CAMPO BOM;A884;8;0,01;15,72;10,73;16,72;15,67;11,96;10,23;80,4;75,6;78,07
CAMPO BOM;A884;9;0,08;19,01;15,2;19,77;17,71;15,54;14,99;81,55;76,28;78,96
CAMPO BOM;A884;10;0,02;21,15;15,33;21,29;19,26;15,94;14,47;77,77;71,15;74,4
CAMPO BOM;A884;11;0,02;22,81;16,46;22,84;21,65;17,77;15,76;76,15;69,24;72,67
CAMPO BOM;A884;12;0,03;23,47;18,01;24,51;23,2;18,87;17,71;77,7;71,06;74,38
CANELA;A879;1;0,04;19,71;16,16;20,72;19,09;16,7;15,37;85,26;79,25;82,35
CANELA;A879;2;0,03;21,01;18,05;21,56;20,77;18,33;17,32;85,9;80,29;83,25
CANELA;A879;3;0,04;20,09;16,87;20,61;19,58;17,23;16,57;85,79;80,54;83,27
CANELA;A879;4;0,06;16,7;14,25;17,36;16,46;14,36;13,57;87,99;83,41;85,79
CANELA;A879;5;0,11;13,62;11,14;14,21;12,92;11,27;10,77;89,49;85,65;87,67
CANELA;A879;6;0,13;15,34;10,76;15,34;14,05;10,19;10,24;84,19;80,5;82,38
CANELA;A879;7;0,04;9,98;7,08;12,22;10,63;7,63;7,28;86,22;82,27;84,34
CANELA;A879;8;0,08;13,08;8,97;13,94;11,13;9,92;8,03;78,85;73,56;76,22
CANELA;A879;9;0,05;16,19;12,01;16,83;15,35;12,08;12,08;81,61;76,52;79,11
CANELA;A879;10;0,06;16,37;11,98;17,18;15,41;12,81;11,87;84,86;79,96;82,46
CANELA;A879;11;0,08;17,9;13,77;17,88;17,78;14,51;13,63;84,12;78,72;81,36
CANELA;A879;12;0,08;18,78;15,1;19,59;18,56;15,98;14,54;85,1;79,46;82,33
CANGUCU;A811;1;0,03;21,66;16,81;22,21;20,14;17,31;16,45;80,99;73,5;77,42
CANGUCU;A811;2;0,04;21,66;18,52;22,98;21,85;19,4;17,71;81,44;74,34;78,09
CANGUCU;A811;3;0,01;20,79;17,16;21,09;20,24;17,56;17,05;84,34;78,81;81,7
CANGUCU;A811;4;0,03;16,76;14,12;17,57;16,92;14,62;13,98;86,0;81,83;84,04
CANGUCU;A811;5;0,06;13,1;10,69;13,9;13,01;11,27;11,31;87,58;83,85;85,81
CANGUCU;A811;6;0,05;11,43;9,21;11,8;11,28;9,74;8,37;85,91;82,43;84,23
CANGUCU;A811;7;0,02;11,01;8,15;10,96;10,77;8,05;7,52;86,19;82,33;84,35
CANGUCU;A811;8;0,06;12,06;9,0;13,04;11,4;9,65;8,87;84,83;80,7;82,87
CANGUCU;A811;9;0,06;14,51;12,03;14,81;13,78;11,9;11,42;86,73;82,36;84,62
CANGUCU;A811;10;0,04;17,05;13,31;17,99;17,25;13,79;12,34;81,78;76,22;79,15
CANGUCU;A811;11;0,02;18,52;14,29;18,91;17,98;14,44;13,44;79,56;73,32;76,55
CANGUCU;A811;12;0,06;20,22;15,66;20,96;19,06;15,87;15,29;80,14;73,75;77,06
CAPAO DA CANOA;B832;1;0,02;23,6;19,47;24,49;23,75;20,66;19,23;81,52;75,29;78,52
CAPAO DA CANOA;B832;2;0,07;24,98;20,94;25,03;24,06;21,4;20,74;83,54;78,26;81,0
CAPAO DA CANOA;B832;3;0,01;24,08;20,9;24,08;23,34;21,52;20,42;87,59;83,19;85,48
CAPAO DA CANOA;B832;4;0,01;20,75;17,81;21,57;20,58;18,16;17,73;84,65;79,14;82,0
CAPAO DA CANOA;B832;5;0,01;16,89;11,52;16,71;15,3;12,07;10,77;79,72;74,03;76,89
CAPAO DA CANOA;B832;10;;;;;;;;;;
CAPAO DA CANOA;B832;11;0,0;19,16;15,0;21,05;19,27;16,45;15,44;82,48;76,28;79,48
CAPAO DA CANOA;B832;12;0,01;23,32;20,3;23,66;22,65;20,64;19,72;86,5;81,27;83,96
CAPAO DO LEAO (PELOTAS);A887;1;0,02;23,49;19,58;24,06;23,02;19,62;18,4;81,88;76,37;79,19
CAPAO DO LEAO (PELOTAS);A887;2;0,03;24,56;20,91;25,17;24,25;21,02;20,57;83,44;78,39;80,97
CAPAO DO LEAO (PELOTAS);A887;3;0,0;23,26;19,48;23,64;22,87;20,26;19,76;85,45;80,96;83,13
CAPAO DO LEAO (PELOTAS);A887;4;0,04;19,2;16,6;20,02;19,37;17,0;16,33;85,28;81,09;83,21
CAPAO DO LEAO (PELOTAS);A887;5;0,04;15,31;13,24;15,69;14,97;13,1;13,09;87,39;83,94;85,7
CAPAO DO LEAO (PELOTAS);A887;6;0,02;13,55;10,65;13,68;13,03;10,7;11,06;85,8;82,66;84,29
CAPAO DO LEAO (PELOTAS);A887;7;0,02;11,96;8,78;11,97;11,46;9,59;8,65;89,33;86,38;87,88
CAPAO DO LEAO (PELOTAS);A887;8;0,06;13,5;11,41;13,44;13,35;11,6;11,09;86,0;82,91;84,48
CAPAO DO LEAO (PELOTAS);A887;9;0,05;16,15;13,75;16,32;15,71;13,68;14,0;87,79;84,48;86,17
CAPAO DO LEAO (PELOTAS);A887;10;0,04;19,67;15,51;19,24;18,41;15,62;14,94;81,69;76,1;78,9
CAPAO DO LEAO (PELOTAS);A887;11;0,0;20,63;16,39;20,56;20,24;16,31;15,62;79,85;74,39;77,14
CAPAO DO LEAO (PELOTAS);A887;12;0,03;22,79;18,03;23,2;21,87;18,41;17,85;81,46;75,81;78,69
CARAZINHO;B842;1;;;;;;;;;;
CARAZINHO;B842;2;;;;;;;;;;
CARAZINHO;B842;3;0,02;23,57;19,58;24,24;23,31;19,75;19,31;81,67;75,19;78,46
CARAZINHO;B842;4;0,02;19,6;15,45;20,75;18,74;15,47;14,81;80,28;74,27;77,33
CARAZINHO;B842;5;0,04;13,57;11,0;16,69;13,72;11,09;11,15;84,16;79,05;81,62
CASCA;B858;2;;;;;;;;;;
CASCA;B858;3;;;;;;;;;;
CASCA;B858;4;0,06;16,88;15,75;18,91;16,78;13,0;12,69;86,86;80,57;83,62
CASCA;B858;5;0,03;12,02;9,75;15,15;14,45;10,98;9,44;86,34;81,04;83,36
CAXIAS DO SUL - AEROPORTO;B818;1;0,03;21,24;15,45;22,8;21,03;16,5;15,52;76,4;69,61;73,14
CAXIAS DO SUL - AEROPORTO;B818;2;0,01;21,76;17,51;21,84;21,49;18,1;16,89;80,75;74,56;77,84
CAXIAS DO SUL - AEROPORTO;B818;3;0,01;21,31;17,92;22,94;21,68;18,24;17,84;83,29;77,75;80,58
CAXIAS DO SUL - AEROPORTO;B818;4;0,01;18,39;14,18;19,33;18,29;14,66;13,42;78,95;73,38;76,16
CAXIAS DO SUL - AEROPORTO;B818;5;0,07;12,52;8,88;14,57;14,08;10,49;9,76;82,88;78,21;80,28
CAXIAS DO SUL - AEROPORTO;B818;8;;;;;;;;;;
CAXIAS DO SUL - AEROPORTO;B818;9;;;;;;;;;;
CAXIAS DO SUL - AEROPORTO;B818;10;0,02;16,47;10,56;16,76;15,34;10,84;9,83;83,31;78,68;76,2
CAXIAS DO SUL - AEROPORTO;B818;11;0,02;18,73;13,18;19,06;17,92;14,0;12,8;78,08;71,6;74,91
CAXIAS DO SUL - AEROPORTO;B818;12;0,14;22,22;18,12;23,0;21,76;18,82;18,19;82,07;75,72;78,89
CAXIAS DO SUL - CRIUVA;B817;1;0,02;19,55;15,24;20,92;19,62;16,49;14,94;81,69;73,29;77,39
CAXIAS DO SUL - CRIUVA;B817;2;0,01;20,39;16,32;20,56;19,99;17,41;15,76;83,22;76,04;79,66
CAXIAS DO SUL - CRIUVA;B817;3;0,01;20,75;17,53;21,81;20,73;18,33;17,32;86,05;79,71;82,85
CAXIAS DO SUL - CRIUVA;B817;4;0,01;17,8;13,87;17,11;17,65;14,05;13,09;85,51;79,06;82,32
CAXIAS DO SUL - CRIUVA;B817;5;0,03;13,48;9,31;12,62;11,85;9,56;9,21;88,47;82,84;85,37
CAXIAS DO SUL - CRIUVA;B817;8;;;;;;;;;;
CAXIAS DO SUL - CRIUVA;B817;9;;;;;;;;;;
CAXIAS DO SUL - CRIUVA;B817;10;0,02;15,16;10,66;15,0;14,28;11,41;10,08;82,45;76,28;79,36
CAXIAS DO SUL - CRIUVA;B817;11;0,01;16,35;12,55;18,22;17,08;13,4;12,76;80,4;72,96;76,65
CAXIAS DO SUL - CRIUVA;B817;12;0,04;20,89;16,67;21,8;20,07;16,74;15,7;82,45;75,58;79,04
CHARQUEADAS;B812;1;0,03;25,7;19,62;24,61;24,65;20,23;19,19;76,85;70,54;73,73
CHARQUEADAS;B812;2;0,0;24,67;20,7;25,54;24,27;21,19;20,2;81,36;75,79;78,63
CHARQUEADAS;B812;3;0,0;24,87;21,23;25,8;25,46;21,39;20,72;83,91;78,95;81,41
CHARQUEADAS;B812;4;0,02;21,4;17,61;21,01;19,92;18,41;17,71;83,07;78,36;80,87
CHARQUEADAS;B812;5;0,04;16,08;13,09;17,12;16,64;12,69;11,69;83,56;78,27;80,91
CHARQUEADAS;B812;6;;;;;;;;;;
CHARQUEADAS;B812;7;;;;;;;;;;
CHARQUEADAS;B812;8;;;;;;;;;;
CHARQUEADAS;B812;9;0,04;18,0;14,04;18,45;18,17;13,07;13,27;80,75;74,95;77,9
CHARQUEADAS;B812;10;0,02;19,61;15,03;20,0;19,95;16,36;14,78;78,94;73,87;76,41
CHARQUEADAS;B812;11;0,01;20,35;15,76;21,23;20,64;17,09;15,57;75,21;69,7;72,55
CHARQUEADAS;B812;12;0,02;25,3;20,45;25,73;24,44;20,79;19,99;79,62;73,6;76,64
CRUZ ALTA;A853;1;0,03;22,9;18,06;23,83;22,08;18,65;17,52;77,94;70,93;74,45
CRUZ ALTA;A853;2;0,04;24,53;19,46;25,09;23,78;20,26;19,04;80,58;74,04;77,31
CRUZ ALTA;A853;3;0,03;22,94;18,26;24,3;22,04;18,88;17,73;80,29;74,24;77,34
CRUZ ALTA;A853;4;0,06;19,82;15,48;20,48;19,47;15,93;15,03;82,03;76,26;79,16
CRUZ ALTA;A853;5;0,09;16,67;12,59;16,28;15,7;12,62;12,13;84,08;79,02;81,59
CRUZ ALTA;A853;6;0,13;14,2;11,14;15,14;14,01;11,4;10,44;84,93;80,35;82,69
CRUZ ALTA;A853;7;0,02;13,22;8,58;13,1;11,3;9,87;8,36;81,36;75,88;78,57
CRUZ ALTA;A853;8;0,02;14,72;9,55;15,55;13,85;10,4;9,66;81,29;75,12;78,24
CRUZ ALTA;A853;9;0,02;17,54;13,73;18,84;17,33;14,79;13,23;82,5;75,97;79,2
CRUZ ALTA;A853;10;0,05;18,87;15,03;19,8;18,27;15,44;14,14;79,57;73,46;76,51
CRUZ ALTA;A853;11;0,01;21,66;14,39;22,35;21,03;15,46;14,17;70,01;63,72;66,84
CRUZ ALTA;A853;12;0,01;22,46;15,83;22,78;21,6;16,43;15,53;74,05;67,48;70,69
CRUZ ALTA ( CENTRO);B833;1;;;;;;;;;;
CRUZ ALTA ( CENTRO);B833;2;0,0;20,0;15,38;26,2;21,22;14,56;14,67;73,39;66,7;70,12
CRUZ ALTA ( CENTRO);B833;3;0,03;24,09;19,82;24,9;23,57;20,45;19,05;81,92;76,03;79,0
CRUZ ALTA ( CENTRO);B833;4;0,03;21,59;15,11;20,52;19,69;16,16;15,4;81,83;76,7;79,29
CRUZ ALTA ( CENTRO);B833;5;0,02;14,43;11,0;15,53;13,69;12,06;11,34;83,56;78,62;81,15
DILERMANDO DE AGUIAR;B852;2;;;;;;;;;;
DILERMANDO DE AGUIAR;B852;3;;;;;;;;;;
DILERMANDO DE AGUIAR;B852;4;0,0;13,0;10,0;17,0;21,75;13,5;6,0;74,93;66,33;70,38
DILERMANDO DE AGUIAR;B852;5;0,03;14,21;10,83;14,7;13,95;10,52;9,71;86,42;80,99;83,72
DOM PEDRITO;A881;1;0,01;23,68;16,83;24,55;22,9;17,5;16,69;72,04;65,66;68,9
DOM PEDRITO;A881;2;0,04;26,72;19,39;27,05;25,6;19,79;18,8;73,56;67,2;70,45
DOM PEDRITO;A881;3;0,02;22,94;17,25;24,69;21,99;17,61;16,75;75,53;69,5;72,58
DOM PEDRITO;A881;4;0,06;18,26;13,46;19,5;17,57;13,8;12,92;79,28;73,91;76,65
DOM PEDRITO;A881;5;0,05;14,33;11,28;15,02;14,13;11,6;10,98;84,34;79,58;82,04
DOM PEDRITO;A881;6;0,03;13,54;10,28;14,56;12,09;10,45;9,88;82,82;78,66;80,81
DOM PEDRITO;A881;7;0,02;12,15;7,36;11,8;11,74;7,85;7,21;84,1;79,51;81,9
DOM PEDRITO;A881;8;0,04;13,61;9,43;14,39;13,5;10,12;9,24;79,47;74,4;77,0
DOM PEDRITO;A881;9;0,06;16,98;11,89;17,75;16,9;12,91;11,97;80,46;75,29;77,92
DOM PEDRITO;A881;10;0,04;18,93;13,5;19,66;18,03;14,22;12,59;75,72;69,65;72,68
DOM PEDRITO;A881;11;0,03;21,28;14,12;21,79;21,09;14,95;13,74;71,52;65,22;68,38
DOM PEDRITO;A881;12;0,02;21,09;14,84;22,03;20,92;15,06;13,32;71,13;64,49;67,84
ENCRUZILHADA DO SUL;A893;1;0,01;22,71;17,76;23,43;21,45;18,0;16,98;78,69;72,28;75,55
ENCRUZILHADA DO SUL;A893;2;0,05;23,71;19,01;24,76;23,82;19,72;18,5;79,81;73,68;76,83
ENCRUZILHADA DO SUL;A893;3;0,02;22,44;17,74;22,65;22,16;18,65;17,66;81,95;76,22;79,26
ENCRUZILHADA DO SUL;A893;4;0,03;18,0;14,59;18,92;17,82;15,4;14,4;82,32;77,17;79,84
ENCRUZILHADA DO SUL;A893;5;0,04;14,84;10,79;15,86;14,07;10,95;10,25;82,48;77,71;80,12
ENCRUZILHADA DO SUL;A893;6;0,08;12,81;10,71;13,67;12,92;10,48;9,07;85,77;81,12;83,61
ENCRUZILHADA DO SUL;A893;7;0,03;11,64;8,42;11,71;11,11;8,73;7,63;84,78;79,57;82,32
ENCRUZILHADA DO SUL;A893;8;0,04;13,17;9,79;13,75;12,68;10,24;8,47;83,41;78,64;81,22
ENCRUZILHADA DO SUL;A893;9;0,1;16,31;12,79;18,11;15,46;14,18;13,66;86,94;82,02;84,55
ENCRUZILHADA DO SUL;A893;10;0,02;18,66;13,63;18,56;17,45;14,37;13,0;79,74;73,88;76,88
ENCRUZILHADA DO SUL;A893;11;0,01;20,64;14,53;20,65;19,69;15,04;14,17;74,46;68,48;71,48
ENCRUZILHADA DO SUL;A893;12;0,02;21,02;15,62;21,97;20,29;16,95;15,85;76,8;70,72;73,85
ERECHIM;A828;1;0,02;21,78;16,8;22,5;21,41;17,12;16,15;77,95;70,74;74,38
ERECHIM;A828;2;0,03;22,84;18,75;23,56;22,45;19,08;17,87;81,21;74,48;77,93
ERECHIM;A828;3;0,03;22,32;17,58;23,09;21,28;17,97;16,86;79,33;72,88;76,21
ERECHIM;A828;4;0,04;19,24;15,07;19,38;18,68;15,57;14,92;82,5;77,11;79,85
ERECHIM;A828;5;0,06;14,44;12,3;15,71;15,0;12,27;10,99;86,06;81,53;83,87
ERECHIM;A828;6;0,09;13,94;11,02;14,24;13,78;11,21;9,97;85,26;81,15;83,27
ERECHIM;A828;7;0,03;13,29;8,86;12,96;11,91;9,04;8,28;81,83;76,66;79,32
ERECHIM;A828;8;0,03;14,06;9,11;13,66;14,11;9,7;8,35;76,61;71,42;74,05
ERECHIM;A828;9;0,04;17,73;11,99;19,04;16,95;12,16;11,53;76,02;70,65;73,36
ERECHIM;A828;10;0,05;18,22;13,26;19,1;17,57;14,02;12,63;78,24;73,36;75,84
ERECHIM;A828;11;0,02;19,98;15,04;20,72;19,04;15,25;13,75;76,27;70,47;73,44
ERECHIM;A828;12;0,03;21,72;16,18;21,77;20,42;17,4;15,93;79,61;73,24;76,5
ESPERANCA DO SUL;B845;1;;;;;;;;;;
ESPERANCA DO SUL;B845;2;;;;;;;;;;
ESPERANCA DO SUL;B845;3;;;;;;;;;;
ESPERANCA DO SUL;B845;4;0,01;19,86;18,27;21,56;20,23;15,77;16,0;85,29;79,95;82,63
ESPERANCA DO SUL;B845;5;0,01;16,06;11,63;16,0;14,64;11,37;11,95;85,67;80,67;83,24
FAXINAL DO SOTURNO;B854;3;;;;;;;;;;
FAXINAL DO SOTURNO;B854;4;0,03;17,8;13,19;18,75;17,5;13,17;12,57;88,34;81,9;85,2
FAXINAL DO SOTURNO;B854;5;0,02;16,4;11,2;15,92;13,9;11,93;11,22;86,71;80,66;83,64
FREDERICO WESTPHALEN;A854;1;0,03;23,87;18,5;24,37;23,18;19,02;18,03;76,68;69,59;73,15
FREDERICO WESTPHALEN;A854;2;0,02;24,78;20,14;25,51;23,57;20,83;19,56;81,0;73,98;77,49
FREDERICO WESTPHALEN;A854;3;0,02;24,35;18,96;24,69;23,44;19,37;18,37;80,17;73,49;76,81
FREDERICO WESTPHALEN;A854;4;0,03;20,82;16,83;20,89;20,18;17,35;17,32;84,63;78,73;81,74
FREDERICO WESTPHALEN;A854;5;0,03;16,94;14,87;17,4;16,36;15,56;14,51;87,3;82,66;85,04
FREDERICO WESTPHALEN;A854;6;0,05;15,13;12,36;16,13;15,0;12,55;12,2;86,35;82,01;84,24
FREDERICO WESTPHALEN;A854;7;0,04;13,87;10,48;14,05;13,42;10,75;9,86;83,71;78,07;80,93
FREDERICO WESTPHALEN;A854;8;0,06;16,37;10,34;16,63;16,08;10,96;10,15;75,24;69,25;72,25
FREDERICO WESTPHALEN;A854;9;0,05;19,25;13,23;19,12;18,59;14,09;12,83;76,0;69,58;72,78
FREDERICO WESTPHALEN;A854;10;0,07;20,29;15,14;20,7;19,7;15,82;14,01;78,6;72,75;75,65
FREDERICO WESTPHALEN;A854;11;0,02;22,2;16,61;22,62;21,18;17,64;15,84;79,11;72,34;75,76
FREDERICO WESTPHALEN;A854;12;0,06;22,42;18,25;23,35;21,99;19,2;17,42;79,74;72,95;76,34
GARRUCHOS;B834;1;;;;;;;;;;
GARRUCHOS;B834;2;;;;;;;;;;
GARRUCHOS;B834;3;;;;;;;;;;
GARRUCHOS;B834;4;0,05;16,82;12,44;18,55;19,0;15,84;13,5;83,03;77,04;80,1
GARRUCHOS;B834;5;0,02;14,59;11,68;14,51;12,73;11,52;10,98;87,64;82,36;85,02
HERVAL;B826;1;0,01;20,27;17,09;22,19;20,56;16,74;16,55;82,96;75,95;79,49
HERVAL;B826;2;0,0;21,91;17,97;22,7;21,73;18,8;18,0;82,61;76,55;79,66
HERVAL;B826;3;0,02;20,86;18,43;21,62;20,12;19,17;17,77;90,41;85,51;88,05
HERVAL;B826;4;0,02;17,85;15,5;18,88;17,08;15,96;15,19;88,19;83,08;85,73
HERVAL;B826;5;0,01;11,65;9,94;13,11;12,12;11,21;9,09;88,16;83,5;85,88
HERVAL;B826;9;0,0;14,33;9,67;14,36;13,5;9,0;8,88;77,26;70,97;74,14
HERVAL;B826;10;0,01;15,84;12,3;17,61;16,43;12,13;12,49;81,31;74,36;77,95
HERVAL;B826;11;0,02;17,88;12,08;19,41;17,71;12,94;11,26;74,02;66,49;70,26
HERVAL;B826;12;0,01;21,67;16,68;23,8;21,23;16,86;16,38;76,75;69,49;73,16
IBIRUBA;A883;1;0,04;23,45;18,12;23,79;22,41;18,54;17,27;79,42;72,57;76,02
IBIRUBA;A883;2;0,04;24,21;19,65;24,58;23,61;20,22;18,87;80,81;74,93;77,97
IBIRUBA;A883;3;0,07;23,03;19,07;24,04;21,8;20,05;18,81;83,11;77,04;80,13
IBIRUBA;A883;4;0,04;19,97;16,59;21,74;21,06;17,46;16,27;83,3;77,86;80,63
IBIRUBA;A883;5;0,15;14,19;10,17;14,88;13,95;10,82;10,57;86,39;81,83;84,05
IBIRUBA;A883;6;0,04;17,35;13,26;17,54;15,99;13,45;12,42;82,39;77,89;80,28
IBIRUBA;A883;7;0,02;13,12;10,2;13,87;12,71;10,59;10,34;86,57;82,01;84,43
IBIRUBA;A883;8;0,01;15,83;10,17;16,21;15,59;11,05;10,13;80,88;74,71;78,04
IBIRUBA;A883;9;0,06;19,28;14,1;18,78;18,42;14,95;14,78;79,32;72,36;76,09
IBIRUBA;A883;10;0,05;19,69;15,17;20,92;19,39;16,03;13,94;76,95;69,93;73,57
IBIRUBA;A883;11;0,01;21,94;16,63;23,08;22,29;17,11;15,54;71,88;66,83;69,33
IBIRUBA;A883;12;0,02;23,81;18,79;25,07;23,37;19,07;19,23;76,81;70,98;73,91
ITACURUBI;B849;1;;;;;;;;;;
ITACURUBI;B849;2;;;;;;;;;;
ITACURUBI;B849;3;;;;;;;;;;
ITACURUBI;B849;4;;;;;;;;;;
ITACURUBI;B849;5;0,0;8,67;6,0;11,2;9,33;11,0;12,5;94,25;90,82;92,71
ITAQUI;B850;1;;;;;;;;;;
ITAQUI;B850;2;;;;;;;;;;
ITAQUI;B850;3;0,0;24,35;20,69;24,84;24,33;20,53;19,89;80,76;75,66;78,17
ITAQUI;B850;4;0,0;22,25;16,98;21,57;20,93;18,15;16,8;82,71;76,53;79,64
ITAQUI;B850;5;0,0;15,94;10,93;16,64;16,23;12,4;10,31;82,8;76,96;79,94
JAGUARAO;A836;1;0,01;23,19;18,28;23,48;22,17;18,78;18,26;80,64;74,51;77,67
JAGUARAO;A836;2;0,01;24,85;20,04;24,52;23,07;20,33;19,82;82,41;76,86;79,73
JAGUARAO;A836;3;0,07;22,73;19,0;22,5;21,99;19,76;19,13;86,35;81,2;83,83
JAGUARAO;A836;4;0,03;18,4;15,56;18,51;18,45;16,07;15,39;87,04;82,07;84,65
JAGUARAO;A836;5;0,06;14,39;12,13;14,71;13,68;12,43;11,81;90,15;85,95;88,13
JAGUARAO;A836;6;0,03;12,8;10,22;12,94;11,76;10,57;10,29;89,59;85,65;87,69
JAGUARAO;A836;7;0,01;10,66;8,69;11,06;10,12;9,04;8,35;90,06;85,91;88,08
JAGUARAO;A836;8;0,04;11,76;10,09;12,76;11,69;10,43;10,03;88,95;84,48;86,75
JAGUARAO;A836;9;0,04;16,57;13,68;16,17;15,38;14,19;12,15;88,94;84,3;86,7
JAGUARAO;A836;10;0,02;18,43;14,16;18,96;17,92;14,83;14,2;82,65;76,72;79,78
JAGUARAO;A836;11;0,03;20,3;15,98;20,88;19,84;15,14;14,39;78,23;71,86;75,08
JAGUARAO;A836;12;0,04;21,61;17,58;22,74;20,3;17,98;16,65;80,0;73,56;76,81
JOIA;B835;1;;;;;;;;;;
JOIA;B835;2;;;;;;;;;;
JOIA;B835;3;;;;;;;;;;
JOIA;B835;4;0,0;16,0;7,0;13,5;13,5;10,0;6,17;68,41;58,31;63,73
JOIA;B835;5;0,01;13,04;10,44;14,38;14,32;10,82;10,87;83,22;78,03;80,76
LAGOA VERMELHA;A844;1;0,01;21,7;16,07;22,0;20,39;16,55;15,28;77,0;71,28;74,12
LAGOA VERMELHA;A844;2;0,03;22,63;17,89;23,13;22,78;18,39;17,28;78,42;72,86;75,67
LAGOA VERMELHA;A844;3;0,01;21,59;15,93;21,63;20,29;16,55;15,59;77,83;72,52;75,21
LAGOA VERMELHA;A844;4;0,03;18,5;14,23;19,1;17,64;14,84;13,6;81,55;76,84;79,23
LAGOA VERMELHA;A844;5;0,04;14,44;10,95;14,82;13,5;11,76;10,99;85,31;81,09;83,24
LAGOA VERMELHA;A844;6;0,1;13,04;9,97;14,14;12,85;10,94;9,82;85,21;81,82;83,56
LAGOA VERMELHA;A844;7;0,02;11,9;8,05;12,39;11,37;8,3;7,97;80,5;76,33;78,47
LAGOA VERMELHA;A844;8;0,03;13,66;8,37;13,97;13,31;8,56;8,74;76,96;72,38;74,69
LAGOA VERMELHA;A844;9;0,04;15,95;11,32;16,8;15,83;12,31;10,54;77,43;72,59;75,07
LAGOA VERMELHA;A844;10;0,07;16,75;12,43;17,56;16,29;12,72;12,29;78,98;74,44;76,78
LAGOA VERMELHA;A844;11;0,03;19,86;13,42;20,1;19,01;14,09;13,19;73,76;68,3;71,05
LAGOA VERMELHA;A844;12;0,11;20,43;14,76;21,24;19,75;15,46;14,18;75,97;70,48;73,23
LAVRAS DO SUL;B853;4;0,0;24,0;10,0;;;13,0;;54,5;47,83;51,17
LAVRAS DO SUL;B853;5;0,04;12,27;9,41;14,52;13,01;11,7;8,12;84,86;80,01;82,52
MACAMBARA;B851;4;0,0;17,67;12,5;20,5;12,33;12,5;11,0;72,09;60,32;66,32
MACAMBARA;B851;5;0,01;14,71;11,09;14,23;13,49;10,95;10,26;84,31;78,52;81,43
MINAS DO LEAO;B813;1;0,07;23,71;19,23;25,03;22,74;20,3;19,01;80,09;71,85;75,88
MINAS DO LEAO;B813;2;0,02;24,7;20,12;25,86;23,98;20,62;19,55;82,0;75,08;78,51
MINAS DO LEAO;B813;3;0,03;24,38;20,45;24,51;23,52;21,2;20,01;84,39;78,67;81,54
MINAS DO LEAO;B813;4;0,02;19,62;16,41;21,07;19,97;17,45;16,01;85,07;79,56;82,34
MINAS DO LEAO;B813;5;0,02;15,02;11,43;16,21;14,25;12,38;11,74;88,51;83,06;85,83
MINAS DO LEAO;B813;8;;;;;;;;;;
MINAS DO LEAO;B813;9;;;;;;;;;;
MINAS DO LEAO;B813;10;0,0;17,76;14,3;20,04;19,7;14,03;14,59;81,32;74,92;78,16
MINAS DO LEAO;B813;11;0,01;20,78;15,36;21,87;20,28;16,11;15,39;75,03;67,26;71,06
MINAS DO LEAO;B813;12;0,02;22,74;19,92;25,48;24,31;20,32;20,05;81,1;73,92;77,47
MONTENEGRO;B814;1;0,01;24,22;19,74;24,56;24,45;20,01;18,53;81,93;74,15;78,18
MONTENEGRO;B814;2;0,0;24,44;20,49;24,6;23,53;20,82;20,2;84,92;78,03;81,55
MONTENEGRO;B814;3;0,04;23,83;21,41;24,2;23,32;21,57;20,42;87,3;81,63;84,58
MONTENEGRO;B814;4;0,01;20,92;17,0;21,01;20,43;18,04;17,52;88,04;82,03;85,12
MONTENEGRO;B814;5;0,01;14,51;11,75;15,43;13,51;13,23;11,39;89,53;83,71;86,7
MONTENEGRO;B814;8;;;;;;;;;;
MONTENEGRO;B814;9;;;;;;;;;;
MONTENEGRO;B814;10;0,01;19,69;14,42;20,67;18,61;15,14;14,54;81,0;73,6;77,32
MONTENEGRO;B814;11;0,03;21,83;16,23;21,68;20,28;17,03;15,51;80,85;73,08;77,04
MONTENEGRO;B814;12;0,1;24,0;20,3;24,99;24,3;20,58;19,85;83,89;76,92;80,5
MOSTARDAS;A878;1;0,01;23,67;18,95;24,04;23,35;20,34;18,85;79,43;76,12;77,83
MOSTARDAS;A878;2;0,01;24,33;20,61;24,84;23,78;21,25;20,26;82,5;79,72;81,15
MOSTARDAS;A878;3;0,0;23,9;19,3;24,5;23,53;20,46;19,44;78,21;74,81;76,54
MOSTARDAS;A878;4;0,0;23,5;21,0;24,0;23,33;21,5;21,67;85,24;83,57;84,38
MOSTARDAS;A878;5;;;;;;;;;;
MOSTARDAS;A878;6;;;;;;;;;;
MOSTARDAS;A878;7;;;;;;;;;;
MOSTARDAS;A878;8;;;;;;;;;;
MOSTARDAS;A878;9;;;;;;;;;;
MOSTARDAS;A878;10;;;;;;;;;;
MOSTARDAS;A878;11;;;;;;;;;;
MOSTARDAS;A878;12;;;;;;;;;;
MOSTARDAS - BACUPARI;B862;3;;;;;;;;;;
MOSTARDAS - BACUPARI;B862;4;0,0;19,57;14,68;19,83;18,46;15,8;16,4;86,94;81,29;84,13
MOSTARDAS - BACUPARI;B862;5;0,01;16,27;13,64;16,95;15,87;13,49;12,04;86,9;80,21;82,7
MUCUM;B859;2;;;;;;;;;;
MUCUM;B859;3;;;;;;;;;;
MUCUM;B859;4;0,0;18,79;15,61;19,75;19,06;16,93;13,94;92,75;83,67;87,05
MUCUM;B859;5;0,01;14,62;11,59;16,82;14,18;13,62;10,7;91,34;82,5;85,8
NONOAI;B846;1;;;;;;;;;;
NONOAI;B846;2;;;;;;;;;;
NONOAI;B846;3;0,0;23,4;19,32;24,4;23,09;20,08;19,44;84,66;78,51;81,64
NONOAI;B846;4;0,02;18,99;17,09;20,78;18,87;16,54;16,15;86,17;79,76;83,04
NONOAI;B846;5;0,01;13,26;11,07;14,46;11,81;11,27;10,62;90,97;85,84;88,5
PALMARES DO SUL;B836;1;0,01;24,62;18,87;25,91;23,9;20,7;19,32;80,25;73,84;77,11
PALMARES DO SUL;B836;2;0,02;24,69;20,45;25,0;23,74;21,21;20,27;81,44;75,15;78,26
PALMARES DO SUL;B836;3;0,0;24,4;21,31;25,03;23,83;21,1;20,16;84,5;79,82;82,23
PALMARES DO SUL;B836;4;0,02;20,91;17,9;22,58;21,3;17,61;17,4;83,0;77,7;80,42
PALMARES DO SUL;B836;5;0,02;16,79;12,83;17,01;15,86;12,63;12,47;83,87;78,88;81,49
PALMARES DO SUL;B836;10;0,0;19,41;13,12;20,45;18,47;13,67;12,78;75,46;69,81;72,72
PALMARES DO SUL;B836;11;0,03;21,5;16,44;20,95;20,9;16,82;15,16;78,0;71,94;75,0
PALMARES DO SUL;B836;12;0,03;24,0;20,01;24,73;23,77;21,18;20,24;82,94;77,08;80,0
PALMEIRA DAS MISSOES;A856;1;0,02;23,06;16,34;23,5;21,94;16,79;15,41;72,26;66,7;69,54
PALMEIRA DAS MISSOES;A856;2;0,02;24,47;17,86;24,41;23,48;18,43;17,45;74,31;68,69;71,59
PALMEIRA DAS MISSOES;A856;3;0,03;22,82;16,26;23,65;21,95;17,03;15,53;72,42;67,02;69,77
PALMEIRA DAS MISSOES;A856;4;0,06;19,98;15,2;20,82;19,66;15,09;13,7;75,72;70,78;73,3
PALMEIRA DAS MISSOES;A856;5;0,05;15,51;10,78;16,28;15,33;11,13;9,91;79,82;75,83;77,89
PALMEIRA DAS MISSOES;A856;6;0,1;14,13;10,95;14,85;14,74;10,64;10,4;79,34;75,44;77,41
PALMEIRA DAS MISSOES;A856;7;0,01;14,17;6,27;13,99;13,51;6,89;5,93;69,73;65,15;67,49
PALMEIRA DAS MISSOES;A856;8;0,03;14,15;7,12;14,91;14,19;7,42;6,53;65,19;60,16;62,68
PALMEIRA DAS MISSOES;A856;9;0,05;18,31;11,39;18,92;17,22;11,92;11,33;68,05;63,1;65,53
PALMEIRA DAS MISSOES;A856;10;0,09;19,61;12,07;20,68;18,39;12,58;10,83;71,79;66,12;68,99
PALMEIRA DAS MISSOES;A856;11;0,01;22,56;13,98;23,01;21,52;13,99;12,45;65,28;59,42;62,38
PALMEIRA DAS MISSOES;A856;12;0,07;21,5;14,2;22,04;21,86;15,0;14,19;70,87;65,93;68,41
PARQUE ELDORADO;B810;1;0,01;23,28;18,62;23,14;22,24;19,14;18,32;80,26;73,06;76,78
PARQUE ELDORADO;B810;2;0,01;22,16;18,95;24,03;22,22;19,42;18,05;83,75;77,03;80,49
PARQUE ELDORADO;B810;3;0,02;22,69;18,58;23,12;21,92;20,14;17,85;85,18;79,7;82,48
PARQUE ELDORADO;B810;4;0,03;19,97;16,25;19,82;18,65;16,26;15,42;85,54;79,96;82,81
PARQUE ELDORADO;B810;5;0,01;13,4;10,95;14,41;13,83;11,46;10,97;86,61;81,1;83,97
PARQUE ELDORADO;B810;6;;;;;;;;;;
PARQUE ELDORADO;B810;7;;;;;;;;;;
PARQUE ELDORADO;B810;8;;;;;;;;;;
PARQUE ELDORADO;B810;9;0,03;16,63;12,93;16,88;16,0;12,07;11,17;83,27;76,6;79,98
PARQUE ELDORADO;B810;10;0,02;19,25;14,56;19,4;17,84;15,16;14,04;82,15;75,12;78,64
PARQUE ELDORADO;B810;11;0,02;18,86;14,29;20,7;19,59;15,6;14,73;77,64;70,17;73,89
PARQUE ELDORADO;B810;12;0,04;22,24;18,65;23,45;21,93;19,44;17,92;80,89;74,27;77,69
PASSO FUNDO;A839;1;0,03;22,74;16,76;22,93;21,91;17,47;16,3;77,18;70,19;73,69
PASSO FUNDO;A839;2;0,04;23,13;18,34;24,06;23,24;19,14;18,04;79,32;72,91;76,19
PASSO FUNDO;A839;3;0,01;22,05;17,12;22,87;22,01;17,92;16,45;78,75;72,73;75,81
PASSO FUNDO;A839;4;0,07;18,87;15,37;19,93;18,43;15,65;14,34;81,99;76,83;79,44
PASSO FUNDO;A839;5;0,08;15,23;12,1;15,28;14,87;12,45;11,21;85,13;80,61;82,93
PASSO FUNDO;A839;6;0,09;14,01;10,73;14,06;12,88;10,37;9,02;82,97;78,49;80,96
PASSO FUNDO;A839;7;0,01;12,62;7,88;13,4;11,82;8,85;7,37;81,11;76,27;78,75
PASSO FUNDO;A839;8;0,02;14,53;10,04;15,69;14,32;10,76;9,21;77,53;71,99;74,85
PASSO FUNDO;A839;9;0,02;17,25;12,22;17,41;16,73;12,94;12,57;77,97;72,22;75,2
PASSO FUNDO;A839;10;0,07;19,09;13,54;19,96;18,95;14,21;12,73;78,36;72,89;75,64
PASSO FUNDO;A839;11;0,03;20,07;14,26;21,41;19,23;14,85;13,61;73,79;68,13;71,01
PASSO FUNDO;A839;12;0,07;21,96;16,25;21,89;21,1;16,96;16,07;78,66;72,32;75,5
PINHEIRO MACHADO;B823;1;0,02;21,35;16,49;22,82;21,58;17,36;16,38;81,49;74,64;78,1
PINHEIRO MACHADO;B823;2;0,0;21,79;17,93;23,39;21,78;17,75;16,63;81,51;75,47;78,53
PINHEIRO MACHADO;B823;3;0,01;21,01;18,22;22,06;20,73;18,61;18,8;88,11;83,51;85,9
PINHEIRO MACHADO;B823;4;0,03;18,93;15,95;19,84;18,33;17,03;16,28;89,27;84,72;87,02
PINHEIRO MACHADO;B823;5;0,04;11,6;8,43;13,53;11,16;9,41;8,36;86,76;81,91;84,39
PINHEIRO MACHADO;B823;9;;;;;;;;;;
PINHEIRO MACHADO;B823;10;0,01;15,77;11,82;17,96;14,59;12,55;10,77;78,47;72,09;75,39
PINHEIRO MACHADO;B823;11;0,01;17,78;11,58;18,28;17,23;12,51;10,83;73,78;66,57;70,13
PINHEIRO MACHADO;B823;12;0,08;20,94;17,06;22,63;20,97;17,33;17,07;77,56;70,72;74,05
PORTO ALEGRE - BELEM NOVO;B825;1;0,01;24,05;19,53;25,43;23,38;19,95;18,82;78,23;71,12;74,71
PORTO ALEGRE - BELEM NOVO;B825;2;0,03;24,9;20,39;25,86;24,47;21,2;19,82;81,53;75,48;78,6
PORTO ALEGRE - BELEM NOVO;B825;3;0,02;24,68;21,35;24,51;23,5;21,2;20,78;85,42;80,25;82,85
PORTO ALEGRE - BELEM NOVO;B825;4;0,04;22,02;17,6;22,8;20,71;18,37;16,73;85,28;79,74;82,53
PORTO ALEGRE - BELEM NOVO;B825;5;0,09;15,55;11,31;16,14;15,46;12,4;11,38;85,31;80,35;82,87
PORTO ALEGRE - BELEM NOVO;B825;6;;;;;;;;;;
PORTO ALEGRE - BELEM NOVO;B825;7;;;;;;;;;;
PORTO ALEGRE - BELEM NOVO;B825;8;;;;;;;;;;
PORTO ALEGRE - BELEM NOVO;B825;9;;;;;;;;;;
PORTO ALEGRE - BELEM NOVO;B825;10;0,03;18,36;14,49;20,32;19,2;15,15;13,81;78,64;72,28;75,52
PORTO ALEGRE - BELEM NOVO;B825;11;0,01;21,16;16,08;21,48;20,75;16,83;15,44;78,2;71,79;75,01
PORTO ALEGRE - BELEM NOVO;B825;12;0,02;24,34;20,22;24,55;24,88;20,41;19,72;81,64;74,96;78,32
PORTO ALEGRE - JARDIM BOTANICO;A801;1;0,01;24,85;19,48;25,64;24,45;19,93;18,6;76,43;70,1;73,25
PORTO ALEGRE - JARDIM BOTANICO;A801;2;0,01;25,7;20,78;26,79;25,34;21,35;20,06;77,79;71,95;74,9
PORTO ALEGRE - JARDIM BOTANICO;A801;3;0,01;24,73;19,93;25,63;24,37;20,42;19,56;78,75;73,06;75,92
PORTO ALEGRE - JARDIM BOTANICO;A801;4;0,03;20,91;17,22;21,53;20,44;17,38;17,1;81,85;76,73;79,31
PORTO ALEGRE - JARDIM BOTANICO;A801;5;0,05;16,47;12,85;17,43;16,3;13,55;12,98;84,02;79,34;81,73
PORTO ALEGRE - JARDIM BOTANICO;A801;6;0,03;14,79;12,1;15,84;14,94;13,15;11,06;83,67;78,71;81,26
PORTO ALEGRE - JARDIM BOTANICO;A801;7;0,03;13,15;9,93;13,91;12,8;10,49;9,89;84,95;80,26;82,64
PORTO ALEGRE - JARDIM BOTANICO;A801;8;0,03;15,99;12,02;15,99;15,16;11,8;11,27;81,67;76,42;79,07
PORTO ALEGRE - JARDIM BOTANICO;A801;9;0,06;18,05;14,13;19,16;17,95;14,96;13,9;81,52;75,71;78,68
PORTO ALEGRE - JARDIM BOTANICO;A801;10;0,02;20,26;16,04;20,4;19,95;15,8;14,82;78,24;72,15;75,16
PORTO ALEGRE - JARDIM BOTANICO;A801;11;0,02;22,97;16,63;22,9;22,27;17,33;16,2;75,08;69,04;72,04
PORTO ALEGRE - JARDIM BOTANICO;A801;12;0,08;23,27;18,67;24,7;23,55;19,12;17,86;77,08;70,95;74,04
PORTO ALEGRE- BELEM NOVO;B807;1;0,06;24,05;20,08;24,49;23,69;19,99;19,32;81,55;75,73;78,71
PORTO ALEGRE- BELEM NOVO;B807;2;0,03;25,25;21,62;26,17;25,31;21,91;21,27;81,86;76,83;79,37
PORTO ALEGRE- BELEM NOVO;B807;3;0,08;24,08;20,23;24,54;22,93;20,55;19,5;82,54;76,95;79,83
PORTO ALEGRE- BELEM NOVO;B807;4;0,05;21,42;18,24;22,34;21,24;18,75;18,27;86,3;81,82;84,13
PORTO ALEGRE- BELEM NOVO;B807;5;0,13;17,22;14,84;17,56;16,53;14,9;13,63;89,0;84,66;86,89
PORTO ALEGRE- BELEM NOVO;B807;6;0,03;17,01;13,68;17,9;17,07;14,23;12,22;86,26;80,84;83,64
PORTO ALEGRE- BELEM NOVO;B807;7;0,03;13,51;11,22;13,28;12,91;11,44;10,42;88,07;83,23;85,77
PORTO ALEGRE- BELEM NOVO;B807;8;0,0;15,01;12,29;15,21;14,16;12,04;10,35;86,65;81,76;84,29
PORTO ALEGRE- BELEM NOVO;B807;9;0,04;18,49;14,67;18,88;17,83;15,57;15,04;87,81;82,53;85,26
PORTO ALEGRE- BELEM NOVO;B807;10;0,02;21,25;15,59;22,11;19,64;16,78;15,59;82,72;76,78;79,82
PORTO ALEGRE- BELEM NOVO;B807;11;0,03;22,43;18,61;23,09;21,88;17,86;17,38;80,04;74,06;77,1
PORTO ALEGRE- BELEM NOVO;B807;12;0,07;21,22;18,29;22,44;21,51;17,97;17,28;79,21;72,97;76,13
PORTO XAVIER;B837;1;;;;;;;;;;
PORTO XAVIER;B837;2;;;;;;;;;;
PORTO XAVIER;B837;3;;;;;;;;;;
PORTO XAVIER;B837;4;0,0;15,85;12,67;19,0;16,6;14,44;13,36;86,69;79,96;83,49
PORTO XAVIER;B837;5;0,0;15,81;13,72;16,05;15,11;13,04;11,64;88,7;83,13;86,02
QUARAI;A831;1;0,0;25,41;17,33;25,69;23,72;17,62;15,98;70,98;63,8;67,38
QUARAI;A831;2;0,0;26,16;18,72;27,42;25,58;19,47;18,36;70,41;63,43;66,97
QUARAI;A831;3;0,02;23,29;18,45;24,37;22,9;18,68;17,56;78,03;71,91;75,02
QUARAI;A831;4;0,07;19,0;15,56;20,14;18,34;16,13;14,22;83,6;77,94;80,77
QUARAI;A831;5;0,04;14,02;10,93;15,33;13,9;12,83;10,63;86,36;81,47;83,97
QUARAI;A831;6;0,01;13,91;10,64;13,52;13,09;11,33;10,28;83,51;78,94;81,27
QUARAI;A831;7;0,01;11,92;7,86;12,47;11,53;8,05;7,54;82,15;76,98;79,62
QUARAI;A831;8;0,04;14,15;9,34;14,48;13,22;9,56;8,29;78,67;73,2;75,97
QUARAI;A831;9;0,03;16,5;12,76;17,18;16,31;13,21;11,79;81,52;76,29;78,93
QUARAI;A831;10;0,03;19,65;13,93;21,09;19,11;14,66;13,89;77,14;70,39;73,77
QUARAI;A831;11;0,03;20,66;15,51;22,26;19,85;16,35;15,42;75,79;69,02;72,42
QUARAI;A831;12;0,02;22,57;15,32;22,43;22,27;15,62;14,64;73,04;65,01;69,03
RELVADO;B860;2;;;;;;;;;;
RELVADO;B860;3;;;;;;;;;;
RELVADO;B860;4;0,0;17,17;16,33;17,1;17,81;15,64;12,69;95,16;85,83;88,57
RELVADO;B860;5;0,03;11,84;10,28;14,16;13,58;11,17;11,03;94,12;86,75;89,59
RIO GRANDE;A802;1;0,01;23,76;19,26;23,87;23,03;19,51;18,29;79,51;73,84;76,69
RIO GRANDE;A802;2;0,03;24,33;20,17;25,13;24,05;20,72;19,82;81,11;75,84;78,55
RIO GRANDE;A802;3;0,05;23,35;19,96;23,77;22,96;20,27;19,35;83,87;78,82;81,45
RIO GRANDE;A802;4;0,05;19,78;16,02;20,14;19,67;17,42;16,04;85,15;80,32;82,77
RIO GRANDE;A802;5;0,04;15,7;13,39;16,0;15,54;13,44;12,98;88,93;84,85;87,01
RIO GRANDE;A802;6;0,05;13,77;11,85;14,28;12,57;12,63;12,39;87,94;83,72;86,03
RIO GRANDE;A802;7;0,01;11,17;9,76;12,17;10,79;9,92;8,81;89,66;85,86;87,89
RIO GRANDE;A802;8;0,05;13,03;11,19;13,32;13,09;11,67;11,2;89,39;85,47;87,49
RIO GRANDE;A802;9;0,07;16,12;13,81;16,62;15,91;14,12;13,55;88,07;83,66;85,95
RIO GRANDE;A802;10;0,03;18,87;15,4;19,11;18,64;15,53;15,02;82,39;77,2;79,85
RIO GRANDE;A802;11;0,03;20,5;15,93;21,39;20,4;16,44;15,32;78,89;73,39;76,19
RIO GRANDE;A802;12;0,01;22,43;17,86;22,81;21,69;18,49;17,37;80,9;75,0;78,02
RIO PARDO;A813;1;0,02;23,64;18,82;24,81;23,47;19,5;18,32;77,13;70,45;73,82
RIO PARDO;A813;2;0,04;25,22;20,4;25,64;25,04;20,61;19,79;79,55;73,67;76,67
RIO PARDO;A813;3;0,03;23,7;19,26;24,33;22,8;19,86;18,97;80,3;75,14;77,77
RIO PARDO;A813;4;0,07;19,84;16,42;20,93;19,71;16,45;16,12;81,8;77,1;79,55
RIO PARDO;A813;5;0,1;16,23;13,22;16,33;16,61;13,29;12,65;84,92;80,78;82,93
RIO PARDO;A813;6;0,11;15,04;11,2;15,25;14,21;11,24;10,58;83,75;79,82;81,83
RIO PARDO;A813;7;0,02;12,72;9,53;13,24;12,6;10,29;9,62;86,09;82,49;84,34
RIO PARDO;A813;8;0,04;14,81;10,98;15,16;14,11;12,12;11,54;82,59;77,84;80,33
RIO PARDO;A813;9;0,1;17,99;13,98;18,64;17,37;14,05;13,53;83,21;78,07;80,7
RIO PARDO;A813;10;0,02;19,61;14,95;20,26;19,53;15,37;14,19;79,64;73,79;76,75
RIO PARDO;A813;11;0,01;22,27;16,03;22,49;21,88;16,57;15,35;73,56;67,55;70,44
RIO PARDO;A813;12;0,04;22,7;16,86;24,42;22,51;18,24;17,5;77,73;71,31;74,56
ROLANTE;B819;1;0,06;23,82;18,59;24,71;23,12;18,93;17,46;77,66;70,09;73,94
ROLANTE;B819;2;0,01;23,56;20,15;25,21;23,36;20,6;19,71;82,62;75,51;79,14
ROLANTE;B819;3;0,01;24,24;20,47;25,44;23,97;21,24;19,93;83,77;77,27;80,56
ROLANTE;B819;4;0,0;20,94;17,34;22,58;20,03;17,32;16,39;82,3;75,56;78,95
ROLANTE;B819;5;0,04;16,0;12,18;15,72;15,04;11,84;10,98;86,02;79,81;83,01
ROLANTE;B819;8;;;;;;;;;;
ROLANTE;B819;9;0,03;17,48;12,35;19,15;17,2;14,22;12,42;79,66;72,08;75,91
ROLANTE;B819;10;0,05;20,97;15,21;21,73;19,69;15,49;14,88;78,9;71,63;75,21
ROLANTE;B819;11;0,01;20,39;15,42;20,34;20,08;16,95;15,18;78,65;71,41;74,97
ROLANTE;B819;12;0,04;23,74;19,92;24,29;24,08;20,05;19,37;79,6;72,18;75,92
Rosario do Sul;B855;3;;;;;;;;;;
Rosario do Sul;B855;4;0,0;18,42;13,48;18,97;16,96;15,04;14,5;82,18;75,37;78,9
Rosario do Sul;B855;5;0,0;12,69;10,44;14,3;14,89;9,21;10,62;84,86;79,34;82,11
SALTO DO JACUI;B838;1;;;;;;;;;;
SALTO DO JACUI;B838;2;0,0;17,75;15,86;22,88;19,0;16,5;15,4;79,0;71,58;75,06
SALTO DO JACUI;B838;3;0,01;23,71;20,23;23,8;23,2;20,59;19,45;85,7;79,74;82,75
SALTO DO JACUI;B838;4;0,03;19,44;16,85;20,19;18,57;16,53;16,55;85,23;79,09;82,23
SALTO DO JACUI;B838;5;0,02;13,02;10,78;16,22;12,8;11,89;10,41;86,2;80,84;83,52
SANTA MARIA;A803;1;0,01;24,59;19,37;24,79;23,95;19,99;19,26;78,31;71,52;74,9
SANTA MARIA;A803;2;0,07;24,9;21,22;25,66;24,87;21,92;20,32;83,85;77,27;80,57
SANTA MARIA;A803;3;0,02;23,41;20,06;24,23;23,27;20,76;19,15;84,5;78,69;81,6
SANTA MARIA;A803;4;0,09;20,18;16,7;20,6;19,23;17,43;16,15;86,83;81,35;84,09
SANTA MARIA;A803;5;0,09;15,75;12,95;15,87;15,48;13,36;12,22;88,41;83,62;86,06
SANTA MARIA;A803;6;0,06;15,3;11,08;15,46;14,46;12,07;10,66;86,37;81,72;84,07
SANTA MARIA;A803;7;0,02;12,65;9,89;13,57;11,73;10,74;9,45;90,32;85,97;88,01
SANTA MARIA;A803;8;0,03;14,71;11,73;14,57;13,27;11,55;11,23;84,62;79,39;81,94
SANTA MARIA;A803;9;0,04;17,36;14,05;17,71;17,11;14,28;13,71;84,16;78,34;81,16
SANTA MARIA;A803;10;0,02;20,46;15,32;20,32;19,42;15,31;14,54;79,12;73,05;75,93
SANTA MARIA;A803;11;0,02;22,11;15,96;22,5;21,23;16,46;14,93;74,81;68,46;71,56
SANTA MARIA;A803;12;0,03;22,28;16,94;22,83;22,31;17,47;15,78;76,68;69,77;72,92
SANTA MARIA DO HERVAL;B816;1;0,01;21,2;15,98;22,23;20,88;16,75;15,1;76,55;69,76;73,26
SANTA MARIA DO HERVAL;B816;2;0,01;21,17;17,12;22,65;21,14;18,04;17,01;81,64;75,78;78,77
SANTA MARIA DO HERVAL;B816;3;0,01;22,68;18,62;22,53;21,2;18,62;17,46;83,81;78,51;81,19
SANTA MARIA DO HERVAL;B816;4;0,0;16,1;13,26;16,88;14,94;12,07;12,75;82,77;75,54;79,18
SANTA MARIA DO HERVAL;B816;5;0,01;12,18;9,05;13,68;13,51;9,49;9,18;84,83;79,42;81,99
SANTA MARIA DO HERVAL;B816;8;;;;;;;;;;
SANTA MARIA DO HERVAL;B816;9;;;;;;;;;;
SANTA MARIA DO HERVAL;B816;10;0,02;17,64;11,04;18,42;17,82;10,76;9,91;74,46;69,44;74,16
SANTA MARIA DO HERVAL;B816;11;0,02;19,15;13,34;18,27;17,9;13,94;12,71;78,16;71,75;75,06
SANTA MARIA DO HERVAL;B816;12;0,01;21,54;17,09;22,54;21,79;17,44;16,09;77,94;71,58;74,84
SANTA ROSA;A810;1;0,02;25,5;16,91;26,95;25,07;17,44;17,6;65,71;59,05;62,45
SANTA ROSA;A810;2;0,11;28,0;20,24;27,7;25,62;20,93;19,22;68,0;61,0;64,52
SANTA ROSA;A810;3;0,02;23,76;17,78;24,63;21,58;19,06;17,41;78,21;72,04;75,07
SANTA ROSA;A810;4;0,14;22,61;18,99;23,14;22,73;19,22;17,99;82,21;77,48;79,82
SANTA ROSA;A810;5;0,1;18,09;13,93;17,63;16,33;14,91;13,35;84,87;81,09;83,03
SANTA ROSA;A810;6;0,08;17,92;13,36;18,08;17,71;14,25;12,79;78,76;73,97;76,34
SANTA ROSA;A810;7;0,01;14,35;10,46;15,25;13,05;10,12;9,59;81,88;77,4;79,66
SANTA ROSA;A810;8;0,0;17,16;10,59;18,26;15,74;11,18;9,76;74,76;68,78;71,74
SANTA ROSA;A810;9;0,0;20,38;14,61;20,29;20,13;15,41;13,68;73,67;67,91;70,79
SANTA ROSA;A810;10;0,05;21,39;15,6;22,81;22,07;16,71;15,36;73,61;67,7;70,66
SANTA ROSA;A810;11;0,03;24,24;16,23;24,75;23,48;17,23;17,2;69,18;63,27;66,22
SANTA ROSA;A810;12;0,07;23,75;15,55;24,25;23,49;17,53;15,6;70,12;63,9;67,0
SANTA VITORIA DO PALMAR (CENTRO);B830;1;0,0;21,81;17,3;22,94;22,7;17,32;16,22;75,79;70,73;73,33
SANTA VITORIA DO PALMAR (CENTRO);B830;2;0,02;22,16;17,85;23,56;22,97;18,63;17,65;77,89;72,71;75,36
SANTA VITORIA DO PALMAR (CENTRO);B830;3;0,02;21,34;18,95;22,24;21,6;18,85;18,29;85,88;81,17;83,58
SANTA VITORIA DO PALMAR (CENTRO);B830;4;0,03;19,65;15,94;18,98;18,54;17,05;15,84;85,93;81,45;83,71
SANTA VITORIA DO PALMAR (CENTRO);B830;5;0,01;13,39;10,16;12,88;12,76;10,06;10,06;84,66;80,44;82,62
SANTA VITORIA DO PALMAR (CENTRO);B830;9;0,0;15,26;12,32;16,6;14,92;10,92;11,1;81,07;75,57;78,39
SANTA VITORIA DO PALMAR (CENTRO);B830;10;0,02;17,84;12,27;18,73;17,47;13,35;12,27;78,75;72,9;75,85
SANTA VITORIA DO PALMAR (CENTRO);B830;11;0,0;19,11;12,76;19,89;19,49;13,51;12,39;71,48;65,03;68,28
SANTA VITORIA DO PALMAR (CENTRO);B830;12;0,01;24,05;19,04;23,82;23,94;19,29;18,12;76,58;70,88;73,76
SANTA VITORIA DO PALMAR (RESERVA DO TAIM);B829;1;0,01;23,87;18,75;23,54;23,06;19,35;18,31;80,73;73,46;77,08
SANTA VITORIA DO PALMAR (RESERVA DO TAIM);B829;2;0,0;23,37;19,31;23,42;23,73;20,62;18,89;80,83;74,25;77,45
SANTA VITORIA DO PALMAR (RESERVA DO TAIM);B829;3;0,03;23,24;19,9;22,83;22,7;20,06;18,86;86,67;81,69;84,18
SANTA VITORIA DO PALMAR (RESERVA DO TAIM);B829;4;0,02;20,85;16,93;21,13;19,71;17,04;16,75;86,44;81,21;83,84
SANTA VITORIA DO PALMAR (RESERVA DO TAIM);B829;5;0,01;13,57;10,73;14,59;13,56;10,76;11,1;88,19;83,93;86,13
SANTA VITORIA DO PALMAR (RESERVA DO TAIM);B829;9;;;;;;;;;;
SANTA VITORIA DO PALMAR (RESERVA DO TAIM);B829;10;0,0;18,74;13,07;18,45;17,4;13,51;13,28;81,38;73,43;77,37
SANTA VITORIA DO PALMAR (RESERVA DO TAIM);B829;11;0,01;20,2;14,36;20,04;19,21;15,31;13,19;78,24;69,91;74,05
SANTA VITORIA DO PALMAR (RESERVA DO TAIM);B829;12;0,0;23,55;19,32;23,77;23,19;20,44;19,25;83,92;76,9;80,47
SANTA VITORIA DO PALMAR - BARRA DO CHUI;A899;1;0,0;22,82;17,26;23,75;23,02;18,48;16,81;76,66;70,56;73,65
SANTA VITORIA DO PALMAR - BARRA DO CHUI;A899;2;0,06;24,01;18,76;23,67;23,28;18,81;17,93;78,49;72,78;75,64
SANTA VITORIA DO PALMAR - BARRA DO CHUI;A899;3;0,06;22,87;19,18;23,11;22,37;19,46;18,42;84,79;80,25;82,6
SANTA VITORIA DO PALMAR - BARRA DO CHUI;A899;4;0,01;19,27;16,47;21,15;18,47;16,64;15,39;85,18;80,6;82,91
SANTA VITORIA DO PALMAR - BARRA DO CHUI;A899;5;0,02;13,79;10,98;13,48;13,17;11,08;8,79;84,98;80,51;82,83
SANTANA DA BOA VISTA;B821;1;0,01;22,76;17,58;22,92;23,38;18,0;16,59;79,41;73,0;76,26
SANTANA DA BOA VISTA;B821;2;0,0;23,12;18,72;23,29;23,09;19,23;17,99;81,49;74,75;78,22
SANTANA DA BOA VISTA;B821;3;0,0;20,72;19,44;22,4;21,61;19,75;18,79;88,32;83,56;85,99
SANTANA DA BOA VISTA;B821;4;0,02;18,49;15,0;19,48;18,3;16,05;15,09;86,56;81,57;84,14
SANTANA DA BOA VISTA;B821;5;0,0;13,23;9,45;13,13;12,29;10,86;9,89;86,48;81,6;84,45
SANTANA DA BOA VISTA;B821;9;;;;;;;;;;
SANTANA DA BOA VISTA;B821;10;0,02;16,67;11,91;16,48;16,09;13,44;11,97;77,05;71,48;74,26
SANTANA DA BOA VISTA;B821;11;0,01;19,34;13,08;20,41;19,03;13,89;12,48;73,17;66,58;69,87
SANTANA DA BOA VISTA;B821;12;0,05;22,94;18,19;22,55;23,05;19,06;17,26;79,4;73,21;76,37
SANTANA DO LIVRAMENTO;A804;1;0,03;23,21;17,54;24,01;21,44;18,18;16,87;76,43;70,01;73,17
SANTANA DO LIVRAMENTO;A804;2;0,03;24,36;19,47;24,66;24,0;19,92;18,51;78,42;72,36;75,39
SANTANA DO LIVRAMENTO;A804;3;0,06;22,88;17,64;23,42;21,7;17,99;16,62;80,62;74,63;77,62
SANTANA DO LIVRAMENTO;A804;4;0,03;18,23;13,46;18,64;17,32;14,3;13,5;80,57;75,04;77,78
SANTANA DO LIVRAMENTO;A804;5;0,01;13,04;9,94;13,51;12,39;9,38;8,72;84,6;78,62;81,54
SANTANA DO LIVRAMENTO;A804;6;0,0;12,43;8,95;14,37;12,4;12,16;8,7;75,98;68,16;71,8
SANTANA DO LIVRAMENTO;A804;7;0,01;10,26;5,89;12,37;9,45;6,6;5,01;76,59;69,44;72,93
SANTANA DO LIVRAMENTO;A804;8;0,0;13,38;5,61;12,73;11,72;5,99;5,46;69,24;63,02;66,17
SANTANA DO LIVRAMENTO;A804;9;0,09;15,91;9,98;16,03;15,09;10,0;8,63;68,43;59,85;64,11
SANTANA DO LIVRAMENTO;A804;10;0,09;18,74;13,0;18,56;17,22;13,72;11,38;75,52;69,26;72,47
SANTANA DO LIVRAMENTO;A804;11;0,05;20,31;15,76;21,67;19,89;15,93;14,8;74,55;69,17;71,83
SANTANA DO LIVRAMENTO;A804;12;0,0;21,0;14,72;20,81;19,47;15,69;13,9;72,97;66,53;69,74
SANTIAGO;A833;1;0,01;23,82;17,47;25,25;23,09;18,08;16,58;72,87;66,01;69,52
SANTIAGO;A833;2;0,08;26,07;19,18;26,77;24,96;20,83;18,69;75,24;68,43;71,94
SANTIAGO;A833;3;0,03;23,4;18,8;24,42;22,85;18,75;17,96;79,05;73,45;76,33
SANTIAGO;A833;4;0,04;19,31;15,33;20,07;19,03;15,52;15,19;81,94;77,25;79,65
SANTIAGO;A833;5;0,04;15,17;11,82;15,04;14,65;12,31;10,62;84,76;80,31;82,61
SANTIAGO;A833;6;0,1;13,45;10,91;14,07;13,72;11,67;10,41;82,33;78,36;80,42
SANTIAGO;A833;7;0,01;12,83;8,58;14,27;12,49;9,6;8,4;80,73;76,08;78,47
SANTIAGO;A833;8;0,05;14,61;9,87;15,34;14,13;10,74;9,25;78,89;73,75;76,35
SANTIAGO;A833;9;0,05;18,29;13,21;17,88;17,88;13,92;12,59;79,32;74,2;76,78
SANTIAGO;A833;10;0,02;19,55;13,99;20,76;19,15;14,83;13,09;77,14;71,29;74,21
SANTIAGO;A833;11;0,05;21,86;14,97;22,4;21,6;15,91;14,01;73,09;66,88;70,05
SANTIAGO;A833;12;0,04;22,2;15,31;23,32;21,4;16,45;15,17;72,07;64,88;68,51
SANTO ANGELO;B844;2;0,0;24,78;16,43;22,38;22,5;16,5;15,71;72,07;65,64;68,86
SANTO ANGELO;B844;3;0,02;26,63;20,58;25,21;24,79;21,45;20,45;80,33;73,09;76,71
SANTO ANGELO;B844;4;0,03;22,43;17,74;22,05;20,84;18,17;16,0;82,06;75,26;78,66
SANTO ANGELO;B844;5;0,01;15,63;11,77;13,9;12,06;11,42;11,15;83,05;77,32;80,19
SANTO ANTONIO DA PATRULHA;B839;1;0,02;23,95;18,53;25,4;23,32;19,88;18,84;77,24;70,43;73,84
SANTO ANTONIO DA PATRULHA;B839;2;0,0;24,71;20,4;24,82;24,31;20,32;20,18;81,21;75,09;78,18
SANTO ANTONIO DA PATRULHA;B839;3;0,01;24,5;21,15;24,4;23,97;21,46;20,54;83,88;78,79;81,4
SANTO ANTONIO DA PATRULHA;B839;4;0,01;21,1;17,0;21,79;21,68;17,54;17,31;81,46;75,67;78,63
SANTO ANTONIO DA PATRULHA;B839;5;0,01;16,34;12,08;16,49;15,72;13,64;11,97;82,62;77,35;80,07
SANTO ANTONIO DA PATRULHA;B839;10;0,04;19,44;13,62;19,89;19,18;14,54;12,49;75,07;68,81;71,96
SANTO ANTONIO DA PATRULHA;B839;11;0,02;20,5;15,96;21,96;20,99;16,34;15,4;77,26;71,22;74,17
SANTO ANTONIO DA PATRULHA;B839;12;0,04;25,22;19,89;25,09;24,47;19,94;18,83;78,71;72,43;75,57
SANTO AUGUSTO;A805;1;0,02;24,22;19,42;24,97;23,83;19,71;18,5;77,66;71,84;74,75
SANTO AUGUSTO;A805;2;0,03;24,92;21,69;25,91;25,13;22,42;21,41;82,96;78,18;80,52
SANTO AUGUSTO;A805;3;0,04;24,15;19,48;24,91;23,77;19,98;19,48;79,99;74,89;77,49
SANTO AUGUSTO;A805;4;0,04;20,91;17,24;21,49;20,49;18,27;17,53;82,88;78,68;80,77
SANTO AUGUSTO;A805;5;0,08;15,34;13,51;16,2;15,15;14,11;14,3;85,55;81,22;83,08
SANTO AUGUSTO;A805;6;0,1;16,3;12,79;16,09;15,4;13,38;13,43;85,3;82,76;84,04
SANTO AUGUSTO;A805;7;0,03;13,76;10,97;14,68;13,52;10,96;11,22;83,38;79,44;81,43
SANTO AUGUSTO;A805;8;0,02;15,84;12,1;16,44;14,91;12,37;11,24;80,1;76,12;78,04
SANTO AUGUSTO;A805;9;0,04;19,05;15,44;19,42;18,64;15,89;15,07;80,05;75,96;77,94
SANTO AUGUSTO;A805;10;0,04;20,05;16,56;20,84;19,49;17,03;15,84;80,18;76,2;78,12
SANTO AUGUSTO;A805;11;0,04;21,72;17,38;23,07;21,35;17,62;17,61;76,9;72,44;74,58
SANTO AUGUSTO;A805;12;0,06;23,29;18,55;24,13;23,01;18,36;18,11;75,83;70,3;72,98
SAO BORJA;A830;1;0,03;26,07;18,16;26,45;25,06;19,05;17,94;69,44;63,5;66,49
SAO BORJA;A830;2;0,02;27,81;21,19;28,53;26,68;21,79;20,5;71,99;66,25;69,16
SAO BORJA;A830;3;0,01;25,54;19,77;26,46;24,63;20,28;19,06;75,04;69,44;72,29
SAO BORJA;A830;4;0,02;21,26;17,18;21,48;20,58;17,6;17,04;81,29;76,36;78,85
SAO BORJA;A830;5;0,06;16,32;13,24;17,37;16,04;13,3;13,43;83,95;79,59;81,79
SAO BORJA;A830;6;0,06;15,99;12,72;17,32;15,23;13,44;11,78;83,61;79,7;81,67
SAO BORJA;A830;7;0,02;14,72;10,18;15,39;13,42;10,76;9,12;81,01;76,49;78,78
SAO BORJA;A830;8;0,03;16,39;12,41;17,13;16,29;12,01;11,42;79,63;74,9;77,34
SAO BORJA;A830;9;0,07;19,24;14,21;20,28;18,7;15,16;14,52;78,36;73,5;75,97
SAO BORJA;A830;10;0,04;21,89;15,84;21,19;20,31;15,86;14,81;74,94;69,66;72,35
SAO BORJA;A830;11;0,02;23,97;16,79;24,49;22,6;17,53;16,61;71,15;65,39;68,26
SAO BORJA;A830;12;0,02;24,21;16,25;25,11;22,63;17,14;15,81;69,65;63,36;66,5
SAO FRANCISCO DE PAULA;B820;1;0,02;17,64;15,06;19,28;18,19;16,31;14,87;86,66;79,57;83,2
SAO FRANCISCO DE PAULA;B820;2;0,04;19,01;16,8;20,39;19,07;17,56;15,93;90,58;84,78;87,85
SAO FRANCISCO DE PAULA;B820;3;0,05;20,25;17,72;19,27;18,96;18,01;17,37;91,65;86,62;89,28
SAO FRANCISCO DE PAULA;B820;4;0,0;17,26;14,35;16,53;15,9;14,42;13,34;89,27;83,71;86,59
SAO FRANCISCO DE PAULA;B820;5;0,02;10,94;8,14;12,51;10,82;9,67;8,44;89,93;85,26;87,7
SAO FRANCISCO DE PAULA;B820;8;;;;;;;;;;
SAO FRANCISCO DE PAULA;B820;9;0,06;13,8;10,54;14,75;13,91;11,8;10,37;86,85;80,29;83,74
SAO FRANCISCO DE PAULA;B820;10;0,02;14,82;11,8;14,7;13,98;11,93;11,23;87,52;82,49;85,11
SAO FRANCISCO DE PAULA;B820;11;0,03;16,55;12,92;16,26;15,97;13,46;12,03;87,41;81,29;84,41
SAO FRANCISCO DE PAULA;B820;12;0,03;18,68;16,49;20,08;18,66;16,52;15,8;86,68;80,26;83,58
SAO GABRIEL;A832;1;0,01;25,08;18,73;25,25;24,45;19,61;18,42;74,33;68,56;71,49
SAO GABRIEL;A832;2;0,01;27,0;21,25;27,59;26,68;21,59;20,73;77,62;72,08;74,87
SAO GABRIEL;A832;3;0,04;23,87;19,65;24,69;23,38;20,04;19,15;79,68;74,39;77,08
SAO GABRIEL;A832;4;0,07;18,65;15,93;19,66;18,52;15,96;15,44;83,3;78,51;80,92
SAO GABRIEL;A832;5;0,06;15,12;13,02;16,18;14,91;13,01;12,0;87,29;83,0;85,22
SAO GABRIEL;A832;6;0,04;13,65;11,77;14,19;13,19;11,18;11,31;89,13;85,69;87,47
SAO GABRIEL;A832;7;0,02;12,32;10,11;12,61;11,68;10,5;9,4;89,7;86,14;87,97
SAO GABRIEL;A832;8;0,05;15,03;11,45;14,87;14,87;11,86;10,98;86,19;82,08;84,15
SAO GABRIEL;A832;9;0,05;17,72;15,13;18,2;17,38;15,28;14,01;86,35;82,18;84,28
SAO GABRIEL;A832;10;0,04;19,76;15,61;19,8;19,06;16,21;15,16;81,47;76,46;78,96
SAO GABRIEL;A832;11;0,04;22,12;16,85;22,95;21,31;17,19;15,51;74,97;69,3;72,17
SAO GABRIEL;A832;12;0,02;22,99;17,11;23,51;22,05;17,58;16,24;74,27;68,29;71,35
SAO JOSE DO OURO;B861;2;;;;;;;;;;
SAO JOSE DO OURO;B861;3;;;;;;;;;;
SAO JOSE DO OURO;B861;4;0,01;16,8;11,57;17,5;17,65;13,57;12,0;87,03;77,07;80,72
SAO JOSE DO OURO;B861;5;0,02;12,75;8,08;13,26;12,29;9,57;8,44;90,33;83,64;86,38
SAO JOSE DOS AUSENTES;A829;1;0,03;17,09;;17,7;16,14;;;;;
SAO JOSE DOS AUSENTES;A829;2;0,02;18,69;;19,11;18,04;;;;;
SAO JOSE DOS AUSENTES;A829;3;0,01;17,5;;18,43;17,43;;;;;
SAO JOSE DOS AUSENTES;A829;4;0,04;16,71;8,62;16,96;15,55;;6,67;87,85;78,26;83,56
SAO JOSE DOS AUSENTES;A829;5;0,01;11,66;6,07;11,59;10,36;7,57;5,46;89,12;84,4;86,89
SAO JOSE DOS AUSENTES;A829;6;0,1;10,86;3,0;11,47;9,8;3,5;3,0;78,44;72,32;75,76
SAO JOSE DOS AUSENTES;A829;7;0,01;10,18;;10,22;8,66;;;;;
SAO JOSE DOS AUSENTES;A829;8;0,04;11,47;;12,66;10,49;;;;;
SAO JOSE DOS AUSENTES;A829;9;0,03;12,19;;12,77;11,93;;;;;
SAO JOSE DOS AUSENTES;A829;10;0,04;12,1;;13,35;11,77;;;;;
SAO JOSE DOS AUSENTES;A829;11;0,04;14,29;;14,69;13,27;;;;;
SAO JOSE DOS AUSENTES;A829;12;0,03;15,62;;14,96;15,02;;;;;
SAO LOURENCO DO SUL;B831;1;;;;;;;;;;
SAO LOURENCO DO SUL;B831;2;;;;;;;;;;
SAO LOURENCO DO SUL;B831;3;0,02;24,09;20,82;24,85;23,36;21,07;20,79;90,27;85,74;88,15
SAO LOURENCO DO SUL;B831;4;0,01;20,28;16,71;21,34;19,03;18,36;16,13;85,68;80,42;83,08
SAO LOURENCO DO SUL;B831;5;0,02;14,97;10,33;14,79;13,79;12,16;11,23;85,0;79,67;82,45
SAO LUIZ GONZAGA;A852;1;0,04;25,72;18,84;26,52;25,27;19,13;18,24;71,18;64,94;68,12
SAO LUIZ GONZAGA;A852;2;0,03;25,8;21,1;26,46;25,26;21,39;20,48;75,73;69,35;72,66
SAO LUIZ GONZAGA;A852;3;0,03;25,12;19,27;25,26;24,35;19,59;19,14;76,86;71,28;74,3
SAO LUIZ GONZAGA;A852;4;0,03;21,27;16,8;21,93;20,9;17,19;16,36;79,78;74,96;77,37
SAO LUIZ GONZAGA;A852;5;0,06;17,92;14,34;18,38;17,71;14,06;13,92;82,69;78,58;80,65
SAO LUIZ GONZAGA;A852;6;0,05;15,16;12,2;15,97;14,61;11,94;12,01;82,83;78,97;80,94
SAO LUIZ GONZAGA;A852;7;0,02;14,74;10,52;14,72;13,82;10,52;9,99;79,1;74,32;76,73
SAO LUIZ GONZAGA;A852;8;0,02;15,39;11,59;17,02;15,44;11,71;10,57;77,28;71,92;74,68
SAO LUIZ GONZAGA;A852;9;0,04;19,17;14,17;19,6;19,91;14,65;13,98;77,44;72,39;75,01
SAO LUIZ GONZAGA;A852;10;0,05;22,63;15,78;22,85;21,39;16,07;15,57;75,0;69,6;72,38
SAO LUIZ GONZAGA;A852;11;0,03;24,86;16,55;25,23;23,26;17,19;16,5;68,18;62,79;65,64
SAO LUIZ GONZAGA;A852;12;0,03;26,02;18,25;25,95;24,64;18,49;17,29;69,95;63,99;66,9
SAO VICENTE DO SUL;A889;1;0,03;24,77;18,25;25,07;24,49;18,93;17,23;71,62;64,62;68,38
SAO VICENTE DO SUL;A889;2;0,04;27,21;19,55;27,37;25,65;20,46;19,07;73,11;65,16;69,53
SAO VICENTE DO SUL;A889;3;0,04;23,85;18,09;23,93;23,1;18,84;17,76;76,56;69,48;73,28
SAO VICENTE DO SUL;A889;4;0,04;18,87;14,54;19,27;17,65;14,27;13,96;76,72;69,52;73,05
SAO VICENTE DO SUL;A889;5;0,08;16,64;12,31;16,71;16,31;13,63;11,44;80,73;74,37;77,82
SAO VICENTE DO SUL;A889;6;0,07;14,43;10,56;15,52;14,16;11,05;10,83;79,86;73,75;77,22
SAO VICENTE DO SUL;A889;7;0,0;12,75;8,9;13,14;12,56;10,24;7,97;82,75;76,84;80,19
SAO VICENTE DO SUL;A889;8;0,05;14,47;10,17;14,27;13,91;11,09;10,03;80,23;74,07;77,46
SAO VICENTE DO SUL;A889;9;0,07;18,57;15,37;18,5;18,11;15,85;14,73;81,18;75,24;78,57
SAO VICENTE DO SUL;A889;10;0,05;19,85;15,98;20,14;19,27;16,71;14,84;76,46;69,76;73,32
SAO VICENTE DO SUL;A889;11;0,02;22,77;16,78;23,86;21,56;17,52;16,54;73,21;66,74;69,96
SAO VICENTE DO SUL;A889;12;0,0;22,79;15,86;23,75;22,82;15,93;15,46;70,72;63,93;67,51
SAPUCAIA DO SUL;B809;1;0,01;25,15;19,27;26,0;25,64;20,26;19,3;73,19;66,57;69,88
SAPUCAIA DO SUL;B809;2;0,02;25,36;20,21;25,57;25,24;20,6;20,42;77,87;71,71;74,85
SAPUCAIA DO SUL;B809;3;0,01;25,99;21,1;25,56;24,58;20,97;20,64;80,99;75,96;78,41
SAPUCAIA DO SUL;B809;4;0,01;21,55;17,77;22,05;21,51;17,96;17,1;80,32;74,63;77,44
SAPUCAIA DO SUL;B809;5;0,0;15,85;12,19;16,98;16,51;12,66;12,4;81,74;76,73;79,16
SAPUCAIA DO SUL;B809;6;;;;;;;;;;
SAPUCAIA DO SUL;B809;7;;;;;;;;;;
SAPUCAIA DO SUL;B809;8;;;;;;;;;;
SAPUCAIA DO SUL;B809;9;0,03;17,61;12,6;18,9;18,3;13,57;13,55;78,83;72,09;75,46
SAPUCAIA DO SUL;B809;10;0,03;20,11;14,69;21,06;19,76;15,51;14,48;76,02;69,57;72,82
SAPUCAIA DO SUL;B809;11;0,01;22,24;16,05;22,29;21,29;16,44;14,99;73,46;67,09;70,21
SAPUCAIA DO SUL;B809;12;0,02;24,91;20,09;26,42;24,17;20,19;19,65;76,67;70,74;73,71
SERAFINA CORREA;A894;1;0,08;22,68;17,6;23,12;21,94;18,34;17,0;80,53;73,56;77,11
SERAFINA CORREA;A894;2;0,04;23,66;19,31;24,35;23,18;20,17;18,87;82,41;75,63;79,15
SERAFINA CORREA;A894;3;0,05;22,23;17,86;22,96;21,63;18,66;17,4;82,97;76,67;79,97
SERAFINA CORREA;A894;4;0,05;18,56;16,49;19,17;18,05;16,98;15,88;85,1;78,81;82,15
SERAFINA CORREA;A894;5;0,11;15,44;13,5;15,49;14,96;13,23;12,36;88,25;82,95;85,66
SERAFINA CORREA;A894;6;0,14;13,53;11,74;14,17;13,32;12,19;11,07;85,27;79,29;82,45
SERAFINA CORREA;A894;7;0,01;12,27;9,2;13,04;11,85;10,52;8,6;85,32;79,0;82,24
SERAFINA CORREA;A894;8;0,04;13,3;10,7;13,69;14,0;10,82;10,0;80,17;73,22;76,81
SERAFINA CORREA;A894;9;0,06;16,35;13,22;17,61;16,12;14,29;12,14;78,94;71,56;75,43
SERAFINA CORREA;A894;10;0,05;18,1;13,41;19,2;18,27;14,05;13,08;77,78;70,69;74,48
SERAFINA CORREA;A894;11;0,02;20,88;15,46;22,21;20,16;16,2;14,32;73,83;66,29;70,08
SERAFINA CORREA;A894;12;0,08;20,9;16,42;21,52;20,41;16,87;15,53;81,33;74,78;78,17
SERTAO SANTANA;B811;1;0,01;23,56;19,28;23,59;23,41;20,14;;82,03;75,68;78,91
SERTAO SANTANA;B811;2;0,03;22,94;19,99;24,41;22,45;20,11;;84,89;79,08;82,06
SERTAO SANTANA;B811;3;0,02;22,34;20,37;22,54;21,91;20,68;;88,24;83,26;85,89
SERTAO SANTANA;B811;4;0,02;19,67;16,71;21,05;19,06;17,93;;87,21;81,59;84,55
SERTAO SANTANA;B811;5;0,04;14,64;11,37;15,53;14,12;12,56;;87,14;81,79;84,55
SERTAO SANTANA;B811;8;;;;;;;;;;
SERTAO SANTANA;B811;9;0,02;15,98;11,67;16,8;15,33;14,26;12,47;85,65;79,43;82,63
SERTAO SANTANA;B811;10;0,03;18,39;14,64;18,59;18,0;14,65;14,24;83,49;77,5;80,49
SERTAO SANTANA;B811;11;0,01;20,5;15,77;20,71;19,28;16,34;15,7;79,18;72,57;76,16
SERTAO SANTANA;B811;12;0,08;23,2;19,74;24,79;23,48;19,25;;82,73;77,16;80,0
SOBRADINHO;B840;1;;;;;;;;;;
SOBRADINHO;B840;2;;;;;;;;;;
SOBRADINHO;B840;3;0,01;23,92;19,74;23,79;22,88;20,65;20,11;87,99;81,54;84,8
SOBRADINHO;B840;4;0,04;18,32;15,87;20,83;18,67;17,71;15,42;89,4;82,39;85,94
SOBRADINHO;B840;5;0,02;13,02;10,93;14,37;14,15;10,89;10,02;89,76;84,13;86,89
SOLEDADE;A837;1;0,02;21,73;17,23;23,04;21,54;17,41;16,58;78,87;73,07;76,04
SOLEDADE;A837;2;0,05;23,58;18,72;23,94;22,95;19,39;18,25;80,63;75,0;77,87
SOLEDADE;A837;3;0,01;21,46;16,92;22,17;20,55;17,32;16,81;80,38;74,96;77,75
SOLEDADE;A837;4;0,03;18,17;14,77;19,27;17,53;15,75;14,15;85,16;80,68;83,0
SOLEDADE;A837;5;0,11;15,03;11,91;15,04;14,7;11,99;11,24;86,49;82,43;84,53
SOLEDADE;A837;6;0,15;13,82;10,53;14,38;13,21;10,71;9,72;84,38;80,87;82,64
SOLEDADE;A837;7;0,02;11,94;8,16;11,86;10,99;8,03;7,25;80,81;76,42;78,65
SOLEDADE;A837;8;0,02;13,03;8,79;14,31;12,7;9,72;8,87;78,09;73,03;75,59
SOLEDADE;A837;9;0,07;16,3;12,12;17,24;16,1;12,85;11,74;79,08;73,71;76,42
SOLEDADE;A837;10;0,03;17,81;12,96;18,43;16,81;13,41;12,39;78,63;73,47;76,1
SOLEDADE;A837;11;0,03;20,25;13,77;20,3;19,32;14,72;13,46;74,04;68,47;71,27
SOLEDADE;A837;12;0,04;21,02;15,23;21,73;19,37;15,9;14,23;77,05;71,29;74,17
Santa Vitoria do Palmar - Barra do Chui;A899;1;0,02;23,04;19,17;23,82;22,76;19,32;18,49;81,7;78,07;79,94
Santa Vitoria do Palmar - Barra do Chui;A899;2;0,01;24,2;21,05;24,96;23,73;21,4;20,45;84,57;81,13;82,9
Santa Vitoria do Palmar - Barra do Chui;A899;3;0,03;22,5;19,17;23,33;21,94;19,49;18,44;83,81;80,04;81,97
Santa Vitoria do Palmar - Barra do Chui;A899;4;0,03;19,03;15,81;19,48;18,15;15,75;14,94;84,68;81,04;82,92
Santa Vitoria do Palmar - Barra do Chui;A899;5;0,1;14,83;13,26;16,0;14,56;13,46;13,16;89,15;86,23;87,72
Santa Vitoria do Palmar - Barra do Chui;A899;6;0,03;12,6;10,1;13,64;12,43;11,0;9,13;87,27;84,45;85,88
Santa Vitoria do Palmar - Barra do Chui;A899;7;0,01;10,71;8,79;10,99;10,17;9,03;8,73;90,5;87,64;89,15
Santa Vitoria do Palmar - Barra do Chui;A899;8;0,03;12,42;10,12;13,01;11,35;10,27;9,88;89,09;86,13;87,67
Santa Vitoria do Palmar - Barra do Chui;A899;9;0,01;14,52;12,16;15,4;13,74;12,88;12,06;92,12;89,41;90,82
Santa Vitoria do Palmar - Barra do Chui;A899;10;0,04;16,96;15,37;17,72;16,63;15,68;14,6;87,99;84,58;86,37
Santa Vitoria do Palmar - Barra do Chui;A899;11;0,0;19,31;14,96;20,03;18,8;15,94;14,57;79,91;75,69;77,84
Santa Vitoria do Palmar - Barra do Chui;A899;12;0,01;21,9;17,58;22,66;21,24;17,73;17,26;80,85;75,81;78,43
TAQUARI;B815;1;0,03;26,01;21,96;28,23;25,1;23,46;21,58;83,42;76,56;80,08
TAQUARI;B815;2;0,0;26,86;22,3;28,31;24,92;23,0;21,71;81,99;75,69;78,99
TAQUARI;B815;3;0,03;;;;;;;92,1;88,26;90,12
TAQUARI;B815;4;0,03;;;;;;;87,01;81,75;84,42
TAQUARI;B815;5;0,02;;;;;;;89,08;83,57;86,33
TAVARES - FAROL DE MOSTARDAS;A878;1;;;;;;;;;;
TAVARES - FAROL DE MOSTARDAS;A878;2;;;;;;;;;;
TAVARES - FAROL DE MOSTARDAS;A878;3;;;;;;;;;;
TAVARES - FAROL DE MOSTARDAS;A878;4;;;;;;;;;;
TAVARES - FAROL DE MOSTARDAS;A878;5;;;;;;;;;;
TEUTONIA;A882;1;0,03;24,33;19,07;25,3;23,68;19,84;18,53;77,98;70,82;74,44
TEUTONIA;A882;2;0,05;25,22;20,45;26,2;24,72;21,08;20,06;79,63;73,16;76,47
TEUTONIA;A882;3;0,02;24,01;19,64;24,88;24,05;20,41;19,32;81,28;75,3;78,33
TEUTONIA;A882;4;0,03;20,71;17,6;21,14;20,66;18,28;16,65;84,67;79,15;82,0
TEUTONIA;A882;5;0,11;15,88;12,62;15,59;15,46;13,67;12,14;87,37;82,32;84,89
TEUTONIA;A882;6;0,08;18,27;13,05;19,0;17,44;14,21;13,51;81,64;76,32;79,11
TEUTONIA;A882;7;0,02;12,82;10,0;13,33;10,47;9,67;10,6;81,61;75,25;78,21
TEUTONIA;A882;8;0,01;15,39;11,18;15,49;14,16;10,81;11,77;83,57;77,99;80,88
TEUTONIA;A882;9;0,05;19,4;15,23;20,94;19,32;15,04;14,61;82,15;76,54;79,43
TEUTONIA;A882;10;0,02;19,89;14,7;21,07;19,93;15,61;14,44;75,86;71,71;73,84
TEUTONIA;A882;11;0,03;22,35;16,68;23,0;21,46;17,38;15,56;75,25;69,5;72,42
TEUTONIA;A882;12;0,06;23,39;18,56;23,66;23,16;19,66;18,22;79,52;72,78;76,24
TORRES;B841;10;0,02;19,21;14,63;19,33;17,36;14,13;13,21;82,35;76,62;79,52
TORRES;B841;11;0,05;19,85;16,31;20,95;19,81;16,73;14,92;83,36;77,43;80,48
TORRES;B841;12;0,0;23,49;20,21;24,69;23,32;20,73;19,72;85,88;80,45;83,27
TORRES-AEROPORTO;B841;1;0,06;23,95;20,23;24,99;23,51;21,15;19,87;82,67;76,49;79,69
TORRES-AEROPORTO;B841;2;0,06;25,03;20,58;25,2;24,04;21,22;20,81;84,96;79,37;82,24
TORRES-AEROPORTO;B841;3;0,01;23,39;21,04;24,04;23,14;21,58;20,84;88,86;84,0;86,44
TORRES-AEROPORTO;B841;4;0,01;22,19;18,53;21,49;22,18;18,8;17,88;85,81;80,3;83,18
TORRES-AEROPORTO;B841;5;0,0;15,74;12,97;17,91;16,45;13,37;14,14;83,53;77,98;80,85
TRAMANDAI;A834;1;0,02;24,1;19,17;24,67;23,69;19,99;18,94;78,52;74,25;76,38
TRAMANDAI;A834;2;0,01;24,77;21,12;25,29;24,7;21,69;20,6;80,99;77,01;79,01
TRAMANDAI;A834;3;0,02;23,66;20,08;24,22;23,75;20,62;19,88;82,53;78,73;80,6
TRAMANDAI;A834;4;0,06;21,68;17,51;21,72;21,51;17,89;17,1;76,93;75,47;77,13
TRAMANDAI;A834;5;0,08;17,61;14,25;17,35;17,24;14,85;12,98;83,51;79,93;81,75
TRAMANDAI;A834;6;0,04;16,17;12,93;15,14;15,7;12,1;11,56;79,43;75,38;77,47
TRAMANDAI;A834;7;0,04;13,18;11,12;13,93;13,22;11,22;10,67;85,91;83,28;84,69
TRAMANDAI;A834;8;0,01;15,15;12,24;15,73;14,84;12,34;12,5;85,22;81,59;83,42
TRAMANDAI;A834;9;0,01;17,63;12,54;17,96;17,09;14,39;13,25;84,7;80,11;82,47
TRAMANDAI;A834;10;0,03;19,11;15,06;19,3;18,82;15,65;15,79;84,34;79,99;82,17
TRAMANDAI;A834;11;0,01;20,18;16,21;20,95;20,22;16,94;15,62;83,47;78,78;81,16
TRAMANDAI;A834;12;0,02;23,3;19,67;23,99;22,85;20,92;20,17;86,41;82,42;84,49
TUPANCIRETA;A886;1;0,03;23,42;17,32;24,18;23,18;18,06;17,26;75,86;69,54;72,71
TUPANCIRETA;A886;2;0,02;24,66;19,5;25,79;23,78;19,79;19,07;78,14;72,13;75,16
TUPANCIRETA;A886;3;0,05;22,61;18,68;23,15;22,4;18,95;18,28;80,88;75,58;78,29
TUPANCIRETA;A886;4;0,06;19,22;15,95;19,79;19,05;16,15;15,62;84,11;79,0;81,58
TUPANCIRETA;A886;5;0,06;15,2;12,14;15,92;14,19;12,77;11,82;86,82;82,42;84,66
TUPANCIRETA;A886;6;0,06;14,33;10,9;14,25;13,91;12,25;10,06;87,16;83,14;85,21
TUPANCIRETA;A886;7;0,02;12,41;8,77;13,41;12,47;9,5;8,55;84,57;79,76;82,21
TUPANCIRETA;A886;8;0,04;14,22;10,26;14,52;13,98;10,45;9,6;82,44;77,24;79,9
TUPANCIRETA;A886;9;0,06;17,42;13,22;17,99;17,21;13,57;12,2;81,57;76,53;79,07
TUPANCIRETA;A886;10;0,04;19,6;14,51;19,85;18,88;14,3;13,0;77,4;71,79;74,64
TUPANCIRETA;A886;11;0,02;21,23;15,5;22,32;21,68;15,66;14,34;71,84;66,08;68,9
TUPANCIRETA;A886;12;0,04;22,24;16,39;22,52;21,47;16,91;16,19;75,47;69,79;72,61
URUGUAIANA;A809;1;0,05;26,18;17,57;26,37;24,72;18,7;17,41;67,32;61,48;64,33
URUGUAIANA;A809;2;0,04;26,86;19,57;28,75;26,92;20,54;19,45;69,66;63,06;66,35
URUGUAIANA;A809;3;0,14;26,57;20,47;26,0;26,11;21,56;19,92;75,93;70,63;73,27
URUGUAIANA;A809;4;0,08;20,11;16,01;20,72;19,94;16,12;15,15;80,31;75,37;77,94
URUGUAIANA;A809;5;0,02;15,32;12,54;15,87;14,57;12,12;11,33;84,25;79,64;81,98
URUGUAIANA;A809;6;0,04;16,09;11,7;16,46;15,53;12,56;11,8;82,17;77,87;80,12
URUGUAIANA;A809;7;0,01;13,69;9,24;13,12;13,2;9,86;9,13;78,98;74,12;76,56
URUGUAIANA;A809;8;0,03;13,44;9,31;15,12;13,39;9,88;9,18;76,82;71,88;74,48
URUGUAIANA;A809;9;0,04;19,18;14,09;20,14;18,32;14,63;14,37;80,6;75,94;78,28
URUGUAIANA;A809;10;0,06;20,59;14,97;22,11;20,39;15,53;14,39;73,59;67,84;70,73
URUGUAIANA;A809;11;0,06;23,19;16,83;24,02;22,02;17,59;17,18;76,18;70,98;73,61
URUGUAIANA;A809;12;0,08;23,27;15,29;24,41;22,34;16,33;14,2;68,07;61,22;64,65
VACARIA;A880;1;0,03;19,37;15,77;20,12;18,78;16,11;14,99;84,14;77,84;81,09
VACARIA;A880;2;0,03;21,19;17,5;21,23;20,86;18,34;16,81;84,23;78,17;81,27
VACARIA;A880;3;0,01;19,46;15,75;20,37;18,61;16,19;15,05;83,75;77,92;80,91
VACARIA;A880;4;0,03;16,34;13,74;16,93;15,84;13,9;13,49;87,39;82,51;85,0
VACARIA;A880;5;0,05;13,12;11,2;13,01;12,32;11,85;10,69;89,29;84,71;87,05
VACARIA;A880;6;0,09;11,14;10,02;12,45;10,52;10,18;9,77;89,62;85,79;87,77
VACARIA;A880;7;0,03;10,16;7,01;9,87;9,09;7,96;6,62;85,24;80,54;82,95
VACARIA;A880;8;0,04;12,7;7,9;12,14;10,56;8,51;8,16;81,89;76,75;79,37
VACARIA;A880;9;0,04;14,31;10,6;15,42;13,57;11,26;10,32;82,77;77,19;80,06
VACARIA;A880;10;0,03;14,83;12,24;16,08;14,64;12,3;11,76;84,5;79,34;81,99
VACARIA;A880;11;0,03;17,79;12,35;17,9;16,78;13,55;12,81;80,66;74,71;77,68
VACARIA;A880;12;0,07;19,28;14,24;19,19;17,76;14,98;13,47;81,87;75,76;78,9
VIAMAO;B824;3;;;;;;;;;;
VIAMAO;B824;4;0,0;11,33;10,14;14,75;14,5;9,4;10,33;79,81;71,19;75,44
VIAMAO;B824;5;0,02;15,68;13,11;15,74;15,4;13,16;11,71;84,42;80,03;82,26
